-- JQB SHOP DEMO SQL
-- Copyright 2014-2015 shopxx.net. All rights reserved.
-- Support: http://www.jingqubao.com
-- License: http://www.jingqubao.com/license

-- 初始化DEMO数据 --

insert into xx_member (id, create_date, modify_date, address, amount, attribute_value0, attribute_value1, attribute_value2, attribute_value3, attribute_value4, attribute_value5, attribute_value6, attribute_value7, attribute_value8, attribute_value9, balance, birth, email, gender, is_enabled, is_locked, locked_date, login_date, login_failure_count, login_ip, mobile, name, password, phone, point, register_ip, safe_key_expire, safe_key_value, username, zip_code, area, member_rank,uid) values(1, '${date?string("yyyy-MM-dd HH:mm:ss")}', '${date?string("yyyy-MM-dd HH:mm:ss")}', NULL, 0.000000000000, NULL, NULL, NULL, NULL, NULL, NULL, NULL, NULL, NULL, NULL, 0.000000000000, '${date?string("yyyy-MM-dd HH:mm:ss")}', 'test@jingqubao.com', 0, ${bit1}, ${bit0}, NULL, '${date?string("yyyy-MM-dd HH:mm:ss")}', 0, '192.168.1.1', NULL, 'test', '098f6bcd4621d373cade4e832627b4f6', NULL, 0, '192.168.1.1', NULL, NULL, 'test', NULL, 13, 1,0)

insert into xx_delivery_corp (id, create_date, modify_date, orders, code, name, url) values(1, '${date?string("yyyy-MM-dd HH:mm:ss")}', '${date?string("yyyy-MM-dd HH:mm:ss")}', 1, 'yuantong', '圆通速递', 'http://www.yto.net.cn')
insert into xx_delivery_corp (id, create_date, modify_date, orders, code, name, url) values(2, '${date?string("yyyy-MM-dd HH:mm:ss")}', '${date?string("yyyy-MM-dd HH:mm:ss")}', 2, 'shentong', '申通快递', 'http://www.sto.cn')
insert into xx_delivery_corp (id, create_date, modify_date, orders, code, name, url) values(3, '${date?string("yyyy-MM-dd HH:mm:ss")}', '${date?string("yyyy-MM-dd HH:mm:ss")}', 3, 'yunda', '韵达快运', 'http://www.yundaex.com')
insert into xx_delivery_corp (id, create_date, modify_date, orders, code, name, url) values(4, '${date?string("yyyy-MM-dd HH:mm:ss")}', '${date?string("yyyy-MM-dd HH:mm:ss")}', 4, 'shunfeng', '顺丰速递', 'http://www.sf-express.com')

insert into xx_shipping_method (id, create_date, modify_date, orders, continue_price, continue_weight, description, first_price, first_weight, icon, name, default_delivery_corp) values(1, '${date?string("yyyy-MM-dd HH:mm:ss")}', '${date?string("yyyy-MM-dd HH:mm:ss")}', 1, 0.000000, 1000, '系统将根据您的收货地址自动匹配快递公司进行配送，享受免运费服务', 0.000000, 1000, '${demoImageUrl}/shipping_method/normal.gif', '普通快递', 2)
insert into xx_shipping_method (id, create_date, modify_date, orders, continue_price, continue_weight, description, first_price, first_weight, icon, name, default_delivery_corp) values(2, '${date?string("yyyy-MM-dd HH:mm:ss")}', '${date?string("yyyy-MM-dd HH:mm:ss")}', 2, 0.000000, 1000, '需支付10元配送费用，不享受免运费服务', 10.000000, 1000, '${demoImageUrl}/shipping_method/shunfeng.gif', '顺丰速递', 4)

insert into xx_payment_method (id, create_date, modify_date, orders, content, description, icon, method, name, timeout) values(1, '${date?string("yyyy-MM-dd HH:mm:ss")}', '${date?string("yyyy-MM-dd HH:mm:ss")}', 1, NULL, '支持支付宝、财付通、以及大多数网上银行支付', '${demoImageUrl}/payment_method/online.gif', 0, '网上支付', 1440)
insert into xx_payment_method (id, create_date, modify_date, orders, content, description, icon, method, name, timeout) values(2, '${date?string("yyyy-MM-dd HH:mm:ss")}', '${date?string("yyyy-MM-dd HH:mm:ss")}', 2, '<img src="${demoImageUrl}/201301/8417e751-a1d2-4727-82da-003075a44398.jpg" />', '支持工行、建行、农行汇款支付，收款时间一般为汇款后的1-2个工作日', '${demoImageUrl}/payment_method/remittance.gif', 1, '银行汇款', NULL)
insert into xx_payment_method (id, create_date, modify_date, orders, content, description, icon, method, name, timeout) values(3, '${date?string("yyyy-MM-dd HH:mm:ss")}', '${date?string("yyyy-MM-dd HH:mm:ss")}', 3, NULL, '由快递公司送货上门，您签收后直接将货款交付给快递员', '${demoImageUrl}/payment_method/cash_on_delivery.gif', 1, '货到付款', NULL)

insert into xx_payment_shipping_method (payment_methods, shipping_methods) values(1, 1)
insert into xx_payment_shipping_method (payment_methods, shipping_methods) values(2, 1)
insert into xx_payment_shipping_method (payment_methods, shipping_methods) values(1, 2)
insert into xx_payment_shipping_method (payment_methods, shipping_methods) values(2, 2)
insert into xx_payment_shipping_method (payment_methods, shipping_methods) values(3, 2)

insert into xx_delivery_center (id, create_date, modify_date, address, area_name, contact, is_default, memo, mobile, name, phone, zip_code, area) values(1, '${date?string("yyyy-MM-dd HH:mm:ss")}', '${date?string("yyyy-MM-dd HH:mm:ss")}', '新建安天坛东路888号', '北京市东城区', '李小明', ${bit1}, NULL, '13888888888', '北京发货中心', '010-88888888', '100062', 2)

--insert into xx_delivery_template (id, create_date, modify_date, background, content, height, is_default, memo, name, offsetx, offsety, width) values(1, '${date?string("yyyy-MM-dd HH:mm:ss")}', '${date?string("yyyy-MM-dd HH:mm:ss")}', '${demoImageUrl}/delivery_template/yto.png', <#noparse>'<DIV class=item style="Z-INDEX: 10; LEFT: 102px; TOP: 127px"><PRE>${deliveryCenter.name}</PRE>\r\n<DIV class=resize></DIV></DIV>\r\n<DIV class=item style="Z-INDEX: 9; LEFT: 103px; TOP: 98px"><PRE>${deliveryCenter.contact}</PRE>\r\n<DIV class=resize></DIV></DIV>\r\n<DIV class=item style="Z-INDEX: 11; LEFT: 102px; TOP: 164px"><PRE>${deliveryCenter.areaName}</PRE>\r\n<DIV class=resize></DIV></DIV>\r\n<DIV class=item style="Z-INDEX: 3; LEFT: 116px; TOP: 227px"><PRE>${deliveryCenter.mobile}</PRE>\r\n<DIV class=resize></DIV></DIV>\r\n<DIV class=item style="Z-INDEX: 5; LEFT: 278px; TOP: 227px"><PRE>${deliveryCenter.phone}</PRE>\r\n<DIV class=resize></DIV></DIV>\r\n<DIV class="item selected" style="Z-INDEX: 7; LEFT: 459px; TOP: 113px"><PRE>${order.consignee}</PRE>\r\n<DIV class=resize></DIV></DIV>\r\n<DIV class=item style="Z-INDEX: 10; LEFT: 455px; TOP: 171px"><PRE>${order.areaName}</PRE>\r\n<DIV class=resize></DIV></DIV>\r\n<DIV class=item style="Z-INDEX: 15; LEFT: 408px; TOP: 203px"><PRE>${order.address}</PRE>\r\n<DIV class=resize></DIV></DIV>\r\n<DIV class=item style="Z-INDEX: 1; LEFT: 50px; TOP: 198px"><PRE>${deliveryCenter.address}</PRE>\r\n<DIV class=resize></DIV></DIV>\r\n<DIV class=item style="Z-INDEX: 18; LEFT: 501px; TOP: 226px"><PRE>${order.phone}</PRE>\r\n<DIV class=resize></DIV></DIV>'</#noparse>, 483, ${bit1}, NULL, '圆通快递', 0, 0, 800)

insert into xx_navigation (id, create_date, modify_date, orders, is_blank_target, name, position, url) values(1, '${date?string("yyyy-MM-dd HH:mm:ss")}', '${date?string("yyyy-MM-dd HH:mm:ss")}', 1, ${bit0}, '会员中心', 0, '${base}/member/index.jhtml')
insert into xx_navigation (id, create_date, modify_date, orders, is_blank_target, name, position, url) values(2, '${date?string("yyyy-MM-dd HH:mm:ss")}', '${date?string("yyyy-MM-dd HH:mm:ss")}', 2, ${bit0}, '购物指南', 0, '${base}/article/list/3.jhtml')
insert into xx_navigation (id, create_date, modify_date, orders, is_blank_target, name, position, url) values(3, '${date?string("yyyy-MM-dd HH:mm:ss")}', '${date?string("yyyy-MM-dd HH:mm:ss")}', 3, ${bit0}, '关于我们', 0, '${base}/article/list/7.jhtml')
insert into xx_navigation (id, create_date, modify_date, orders, is_blank_target, name, position, url) values(4, '${date?string("yyyy-MM-dd HH:mm:ss")}', '${date?string("yyyy-MM-dd HH:mm:ss")}', 4, ${bit0}, '首页', 1, '${base}/')
insert into xx_navigation (id, create_date, modify_date, orders, is_blank_target, name, position, url) values(5, '${date?string("yyyy-MM-dd HH:mm:ss")}', '${date?string("yyyy-MM-dd HH:mm:ss")}', 5, ${bit0}, '时尚女装', 1, '${base}/product/list/1.jhtml')
insert into xx_navigation (id, create_date, modify_date, orders, is_blank_target, name, position, url) values(6, '${date?string("yyyy-MM-dd HH:mm:ss")}', '${date?string("yyyy-MM-dd HH:mm:ss")}', 6, ${bit0}, '精品男装', 1, '${base}/product/list/2.jhtml')
insert into xx_navigation (id, create_date, modify_date, orders, is_blank_target, name, position, url) values(7, '${date?string("yyyy-MM-dd HH:mm:ss")}', '${date?string("yyyy-MM-dd HH:mm:ss")}', 7, ${bit0}, '精致内衣', 1, '${base}/product/list/3.jhtml')
insert into xx_navigation (id, create_date, modify_date, orders, is_blank_target, name, position, url) values(8, '${date?string("yyyy-MM-dd HH:mm:ss")}', '${date?string("yyyy-MM-dd HH:mm:ss")}', 8, ${bit0}, '服饰配件', 1, '${base}/product/list/4.jhtml')
insert into xx_navigation (id, create_date, modify_date, orders, is_blank_target, name, position, url) values(9, '${date?string("yyyy-MM-dd HH:mm:ss")}', '${date?string("yyyy-MM-dd HH:mm:ss")}', 9, ${bit0}, '时尚女鞋', 1, '${base}/product/list/5.jhtml')
insert into xx_navigation (id, create_date, modify_date, orders, is_blank_target, name, position, url) values(10, '${date?string("yyyy-MM-dd HH:mm:ss")}', '${date?string("yyyy-MM-dd HH:mm:ss")}', 10, ${bit0}, '流行男鞋', 1, '${base}/product/list/6.jhtml')
insert into xx_navigation (id, create_date, modify_date, orders, is_blank_target, name, position, url) values(11, '${date?string("yyyy-MM-dd HH:mm:ss")}', '${date?string("yyyy-MM-dd HH:mm:ss")}', 11, ${bit0}, '童装童鞋', 1, '${base}/product/list/9.jhtml')
insert into xx_navigation (id, create_date, modify_date, orders, is_blank_target, name, position, url) values(12, '${date?string("yyyy-MM-dd HH:mm:ss")}', '${date?string("yyyy-MM-dd HH:mm:ss")}', 12, ${bit0}, '关于我们', 2, '#')
insert into xx_navigation (id, create_date, modify_date, orders, is_blank_target, name, position, url) values(13, '${date?string("yyyy-MM-dd HH:mm:ss")}', '${date?string("yyyy-MM-dd HH:mm:ss")}', 13, ${bit0}, '联系我们', 2, '#')
insert into xx_navigation (id, create_date, modify_date, orders, is_blank_target, name, position, url) values(14, '${date?string("yyyy-MM-dd HH:mm:ss")}', '${date?string("yyyy-MM-dd HH:mm:ss")}', 14, ${bit0}, '诚聘英才', 2, '#')
insert into xx_navigation (id, create_date, modify_date, orders, is_blank_target, name, position, url) values(15, '${date?string("yyyy-MM-dd HH:mm:ss")}', '${date?string("yyyy-MM-dd HH:mm:ss")}', 15, ${bit0}, '法律声明', 2, '#')
insert into xx_navigation (id, create_date, modify_date, orders, is_blank_target, name, position, url) values(16, '${date?string("yyyy-MM-dd HH:mm:ss")}', '${date?string("yyyy-MM-dd HH:mm:ss")}', 16, ${bit0}, '友情链接', 2, '${base}/friend_link.jhtml')
insert into xx_navigation (id, create_date, modify_date, orders, is_blank_target, name, position, url) values(17, '${date?string("yyyy-MM-dd HH:mm:ss")}', '${date?string("yyyy-MM-dd HH:mm:ss")}', 17, ${bit1}, '支付方式', 2, '${base}/article/list/4.jhtml')
insert into xx_navigation (id, create_date, modify_date, orders, is_blank_target, name, position, url) values(18, '${date?string("yyyy-MM-dd HH:mm:ss")}', '${date?string("yyyy-MM-dd HH:mm:ss")}', 18, ${bit1}, '配送方式', 2, '${base}/article/list/5.jhtml')
insert into xx_navigation (id, create_date, modify_date, orders, is_blank_target, name, position, url) values(19, '${date?string("yyyy-MM-dd HH:mm:ss")}', '${date?string("yyyy-MM-dd HH:mm:ss")}', 19, ${bit0}, 'JQB SHOP官网', 2, 'http://www.jingqubao.com')
insert into xx_navigation (id, create_date, modify_date, orders, is_blank_target, name, position, url) values(20, '${date?string("yyyy-MM-dd HH:mm:ss")}', '${date?string("yyyy-MM-dd HH:mm:ss")}', 20, ${bit0}, 'JQB SHOP论坛', 2, 'http://www.jingqubao.com')

insert into xx_friend_link (id, create_date, modify_date, orders, logo, name, type, url) values(1, '${date?string("yyyy-MM-dd HH:mm:ss")}', '${date?string("yyyy-MM-dd HH:mm:ss")}', 1, '${demoImageUrl}/friend_link/shopxx.gif', 'JQB SHOP官网', 1, 'http://www.jingqubao.com')
insert into xx_friend_link (id, create_date, modify_date, orders, logo, name, type, url) values(2, '${date?string("yyyy-MM-dd HH:mm:ss")}', '${date?string("yyyy-MM-dd HH:mm:ss")}', 2, '${demoImageUrl}/friend_link/shopxx.gif', 'JQB SHOP论坛', 1, 'http://www.jingqubao.com')
insert into xx_friend_link (id, create_date, modify_date, orders, logo, name, type, url) values(3, '${date?string("yyyy-MM-dd HH:mm:ss")}', '${date?string("yyyy-MM-dd HH:mm:ss")}', 3, '${demoImageUrl}/friend_link/alipay.gif', '支付宝', 1, 'http://www.alipay.com')
insert into xx_friend_link (id, create_date, modify_date, orders, logo, name, type, url) values(4, '${date?string("yyyy-MM-dd HH:mm:ss")}', '${date?string("yyyy-MM-dd HH:mm:ss")}', 4, '${demoImageUrl}/friend_link/tenpay.gif', '财付通', 1, 'http://www.tenpay.com')
insert into xx_friend_link (id, create_date, modify_date, orders, logo, name, type, url) values(5, '${date?string("yyyy-MM-dd HH:mm:ss")}', '${date?string("yyyy-MM-dd HH:mm:ss")}', 5, '${demoImageUrl}/friend_link/chinapay.gif', '银联在线', 1, 'http://www.chinapay.com')
insert into xx_friend_link (id, create_date, modify_date, orders, logo, name, type, url) values(6, '${date?string("yyyy-MM-dd HH:mm:ss")}', '${date?string("yyyy-MM-dd HH:mm:ss")}', 6, '${demoImageUrl}/friend_link/99bill.gif', '快钱支付', 1, 'http://www.99bill.com')
insert into xx_friend_link (id, create_date, modify_date, orders, logo, name, type, url) values(7, '${date?string("yyyy-MM-dd HH:mm:ss")}', '${date?string("yyyy-MM-dd HH:mm:ss")}', 7, '${demoImageUrl}/friend_link/admin5.gif', 'A5下载', 1, 'http://down.admin5.com')
insert into xx_friend_link (id, create_date, modify_date, orders, logo, name, type, url) values(8, '${date?string("yyyy-MM-dd HH:mm:ss")}', '${date?string("yyyy-MM-dd HH:mm:ss")}', 8, '${demoImageUrl}/friend_link/kuaidi100.gif', '快递100', 1, 'http://www.kuaidi100.com')
insert into xx_friend_link (id, create_date, modify_date, orders, logo, name, type, url) values(9, '${date?string("yyyy-MM-dd HH:mm:ss")}', '${date?string("yyyy-MM-dd HH:mm:ss")}', 9, '${demoImageUrl}/friend_link/cnzz.gif', '站长统计', 1, 'http://www.cnzz.com')

insert into xx_tag (id, create_date, modify_date, orders, icon, memo, name, type) values(1, '${date?string("yyyy-MM-dd HH:mm:ss")}', '${date?string("yyyy-MM-dd HH:mm:ss")}', 1, '${demoImageUrl}/tag/hot.gif', NULL, '热销', 1)
insert into xx_tag (id, create_date, modify_date, orders, icon, memo, name, type) values(2, '${date?string("yyyy-MM-dd HH:mm:ss")}', '${date?string("yyyy-MM-dd HH:mm:ss")}', 2, '${demoImageUrl}/tag/new.gif', NULL, '最新', 1)
insert into xx_tag (id, create_date, modify_date, orders, icon, memo, name, type) values(3, '${date?string("yyyy-MM-dd HH:mm:ss")}', '${date?string("yyyy-MM-dd HH:mm:ss")}', 3, NULL, NULL, '热点', 0)
insert into xx_tag (id, create_date, modify_date, orders, icon, memo, name, type) values(4, '${date?string("yyyy-MM-dd HH:mm:ss")}', '${date?string("yyyy-MM-dd HH:mm:ss")}', 4, NULL, NULL, '推荐', 0)

insert into xx_article_category (id, create_date, modify_date, orders, grade, name, seo_description, seo_keywords, seo_title, tree_path, parent) values(1, '${date?string("yyyy-MM-dd HH:mm:ss")}', '${date?string("yyyy-MM-dd HH:mm:ss")}', 1, 0, '商城动态', NULL, NULL, NULL, ',', NULL)
insert into xx_article_category (id, create_date, modify_date, orders, grade, name, seo_description, seo_keywords, seo_title, tree_path, parent) values(2, '${date?string("yyyy-MM-dd HH:mm:ss")}', '${date?string("yyyy-MM-dd HH:mm:ss")}', 2, 0, '活动促销', NULL, NULL, NULL, ',', NULL)
insert into xx_article_category (id, create_date, modify_date, orders, grade, name, seo_description, seo_keywords, seo_title, tree_path, parent) values(3, '${date?string("yyyy-MM-dd HH:mm:ss")}', '${date?string("yyyy-MM-dd HH:mm:ss")}', 3, 0, '购物指南', NULL, NULL, NULL, ',', NULL)
insert into xx_article_category (id, create_date, modify_date, orders, grade, name, seo_description, seo_keywords, seo_title, tree_path, parent) values(4, '${date?string("yyyy-MM-dd HH:mm:ss")}', '${date?string("yyyy-MM-dd HH:mm:ss")}', 4, 0, '支付方式', NULL, NULL, NULL, ',', NULL)
insert into xx_article_category (id, create_date, modify_date, orders, grade, name, seo_description, seo_keywords, seo_title, tree_path, parent) values(5, '${date?string("yyyy-MM-dd HH:mm:ss")}', '${date?string("yyyy-MM-dd HH:mm:ss")}', 5, 0, '配送方式', NULL, NULL, NULL, ',', NULL)
insert into xx_article_category (id, create_date, modify_date, orders, grade, name, seo_description, seo_keywords, seo_title, tree_path, parent) values(6, '${date?string("yyyy-MM-dd HH:mm:ss")}', '${date?string("yyyy-MM-dd HH:mm:ss")}', 6, 0, '售后服务', NULL, NULL, NULL, ',', NULL)
insert into xx_article_category (id, create_date, modify_date, orders, grade, name, seo_description, seo_keywords, seo_title, tree_path, parent) values(7, '${date?string("yyyy-MM-dd HH:mm:ss")}', '${date?string("yyyy-MM-dd HH:mm:ss")}', 7, 0, '关于我们', NULL, NULL, NULL, ',', NULL)

insert into xx_article (id, create_date, modify_date, author, content, hits, is_publication, is_top, seo_description, seo_keywords, seo_title, title, article_category) values(1, '${date?string("yyyy-MM-dd HH:mm:ss")}', '${date?string("yyyy-MM-dd HH:mm:ss")}', NULL, '<p>\r\n	用户购物流程如下：\r\n</p>\r\n<img src="${demoImageUrl}/201301/8e486c07-1365-4fa7-bc62-a40340e0ba59.jpg" />', 16, ${bit1}, ${bit0}, NULL, NULL, NULL, '购物流程', 3)
insert into xx_article (id, create_date, modify_date, author, content, hits, is_publication, is_top, seo_description, seo_keywords, seo_title, title, article_category) values(2, '${date?string("yyyy-MM-dd HH:mm:ss")}', '${date?string("yyyy-MM-dd HH:mm:ss")}', NULL, '会员等级共分为：注册会员、铜牌会员、银牌会员、金牌会员，会员等级晋升均由系统自动实现，无需申请。', 5, ${bit1}, ${bit0}, NULL, NULL, NULL, '会员等级', 3)
insert into xx_article (id, create_date, modify_date, author, content, hits, is_publication, is_top, seo_description, seo_keywords, seo_title, title, article_category) values(3, '${date?string("yyyy-MM-dd HH:mm:ss")}', '${date?string("yyyy-MM-dd HH:mm:ss")}', NULL, '进入网站首页，点击页面右上方的“注册”链接，将进入会员注册页面，输入您的用户名、密码等信息后点击“注册”按钮即可完成注册。注册成功后，您可以进入“会员中心 - 个人资料”进行个人信息的修改。', 4, ${bit1}, ${bit0}, NULL, NULL, NULL, '新用户注册', 3)
insert into xx_article (id, create_date, modify_date, author, content, hits, is_publication, is_top, seo_description, seo_keywords, seo_title, title, article_category) values(4, '${date?string("yyyy-MM-dd HH:mm:ss")}', '${date?string("yyyy-MM-dd HH:mm:ss")}', NULL, '预存款是商城为方便用户支付而设计开发的支付方式，方便、快捷无任何手续费。您可以先将货款充值到预存款帐户中，在订单支付的过程中可以用此方式来进行支付，同样，如果订单发生退换货产生退款时，也可以退到您的预存款帐户中，以便您下次支付时使用。', 4, ${bit1}, ${bit0}, NULL, NULL, NULL, '预存款支付', 3)
insert into xx_article (id, create_date, modify_date, author, content, hits, is_publication, is_top, seo_description, seo_keywords, seo_title, title, article_category) values(5, '${date?string("yyyy-MM-dd HH:mm:ss")}', '${date?string("yyyy-MM-dd HH:mm:ss")}', NULL, '退换货说明:<br />\r\n&nbsp;<br />\r\n一、 退换货总则：<br />\r\n商城所售商品都是正品行货。商城所有商家将严格按照国家三包政策，针对所售商品履行保修、换货和退货的义务。 <br />\r\n&nbsp;<br />\r\n1.符合以下情况，由您实际收到货物日期起7日内可退货；您实际收到货物日期起8日至第15日内可换货：<br />\r\n&nbsp;&nbsp;&nbsp;&nbsp; 1）国家三包所规定的功能性故障<br />\r\n&nbsp;&nbsp;&nbsp;&nbsp;&nbsp; 经由生产厂家指定或特约售后服务中心检测确认故障属实，并出据出检报告证实。<br />\r\n&nbsp;&nbsp;&nbsp;&nbsp; 2）到货物品坏损或缺件情况<br />\r\n&nbsp;&nbsp;&nbsp;&nbsp;&nbsp;&nbsp; 经售后人员核查情况属实（期间可能需要快递人员证明或要求您提供实物照片等，以便售后人员快速做出判断及时处理）。<br />\r\n&nbsp;<br />\r\n2.由您实际收到货物日期起15日以上，为了不耽误您使用，缩短故障商品的维修时间，建议您在商品出现故障时直接联系当地厂商维修网点处理。请访问厂商官方网站或拨打厂商服务热线，咨询维修网点信息，凭借发票可到网点维修。国家三包规定保修期内，无品牌厂商售后服务产品，商城提供免费维修服务。<br />\r\n&nbsp;<br />\r\n二、补充说明：<br />\r\n1.以下情况不在退货、换货、维修范围之内：<br />\r\n&nbsp;&nbsp;&nbsp;&nbsp;&nbsp;1）任何非商城出售的商品；<br />\r\n&nbsp;&nbsp;&nbsp;&nbsp;&nbsp;2）对于过保商品（超过三包保修期的商品）；<br />\r\n&nbsp;&nbsp;&nbsp;&nbsp;&nbsp;3）未经授权的维修、误用、碰撞、疏忽、滥用、进液、事故、改动、不正确的安装所造成的商品质量问题，或撕毁、涂改标贴、机器序号、防伪标记；<br />\r\n&nbsp;&nbsp;&nbsp;&nbsp;&nbsp;4）商品的外包装、附件、赠品（券）、说明书不完整，（券）发票缺失或涂改；<br />\r\n&nbsp;&nbsp;&nbsp;&nbsp;&nbsp;5）商品使用正常磨损；<br />\r\n&nbsp;&nbsp;&nbsp;&nbsp;&nbsp;6）手机、数码、IT类商品通过软件升级可以排除的故障不属于三包范围内的故障，只要送至当地生产厂家指定或特约售后服务中心升级即可；<br />\r\n&nbsp;&nbsp;&nbsp;&nbsp;&nbsp;7）高端品牌箱包及饰品QC标签已损坏的；<br />\r\n&nbsp;&nbsp;&nbsp;&nbsp; 8）出于安全和卫生考虑，贴身用品（内衣等）、食品、化妆品售出后不予退换，经权威部门检测商品存在内在质量问题者除外。<br />\r\n&nbsp;<br />\r\n2.判断实际收货日期规则：<br />\r\n&nbsp;&nbsp;&nbsp;&nbsp;&nbsp;1）快递配送或者自提的订单：以客户实际签收日期为准；<br />\r\n&nbsp;&nbsp;&nbsp;&nbsp;&nbsp;2）非配送的订单，按照第三方物流平台显示的实际到货日期为准。如果第三方合作伙伴不能有效返回签收日期，则商城客服根据距离等因素和客户人工确认实际到货日期。<br />\r\n&nbsp;<br />\r\n商城按照国家相关法律法规及规章制度对商品退换原则进行解释。<br />', 5, ${bit1}, ${bit0}, NULL, NULL, NULL, '退换货政策', 3)
insert into xx_article (id, create_date, modify_date, author, content, hits, is_publication, is_top, seo_description, seo_keywords, seo_title, title, article_category) values(6, '${date?string("yyyy-MM-dd HH:mm:ss")}', '${date?string("yyyy-MM-dd HH:mm:ss")}', NULL, '<p>\r\n	发票注意事项：\r\n</p>\r\n<p>\r\n	1.为了保障消费者的合法权益，在商城购物时，均为您开具由税务局监制印制的正规机打销售发票（海外代购商品除外）; <br />\r\n2.发票是有效交易的重要凭据，可作为单位报销的凭证，也能保证您充分享受到我司提供的售后服务，请妥善保管; <br />\r\n3.我们将随订单为您开具发票，发票内容为您所购买的商品明细，发票金额为您购买商品实际的付款金额;\r\n</p>\r\n<p>\r\n	4.请在订单提交时确认好您所需开具的发票抬头，订单生成后发票抬头将无法再次修改。\r\n</p>\r\n<p>\r\n	&nbsp;\r\n</p>\r\n<p>\r\n	发票开具办法：\r\n</p>\r\n<p>\r\n	1.填写订单信息时请勾选发票，并在下订单时准确填写所需开具的发票抬头名称；\r\n</p>\r\n<p>\r\n	2.发票将随商品一同寄出，收货时请注意查收发票；\r\n</p>\r\n<p>\r\n	&nbsp;\r\n</p>\r\n<p>\r\n	如有相关发票开具以及换票问题，请与商城客服联系，客服人员将竭诚为您服务；\r\n</p>', 2, ${bit1}, ${bit0}, NULL, NULL, NULL, '发票制度', 3)
insert into xx_article (id, create_date, modify_date, author, content, hits, is_publication, is_top, seo_description, seo_keywords, seo_title, title, article_category) values(7, '${date?string("yyyy-MM-dd HH:mm:ss")}', '${date?string("yyyy-MM-dd HH:mm:ss")}', NULL, '<p>\r\n	货到付款：\r\n</p>\r\n<p>\r\n	配送人员将货物送达订单指定的收货地址后，由客户支付订单金额给配送人员的一种付款方式。\r\n</p>\r\n<p>\r\n	<br />\r\n在商城购物您可以选择货到付款的支付方式，目前货到付款支持现金支付、移动POS刷卡支付等。\r\n</p>\r\n<p>\r\n	您在使用货到付款支付方式时，请在购物车支付方式处选择货到付款，订单生成后，货到付款的支付形式不能更换成其他支付方式，如果您想换成其他支付方式时，请务必删除原货到付款订单，重新在网站下订单选择其他支付方式。\r\n</p>\r\n<p>\r\n	&nbsp;\r\n</p>\r\n<p>\r\n	温馨提示：\r\n</p>\r\n<p>\r\n	1.当您选择货到付款支付方式生成订单后，商城工作人员会根据您的订购要求，为您发货，货物到达您指定地点后，会有工作人员通过电话方式与您联系，在您确认后，根据您的要求将货物送达，请您做好支付准备，以提高收货效率；<br />\r\n2.签收时，请您仔细核对款项、务必做到货款两清，若事后发现款项错误，我们将无法再核实确认；\r\n</p>', 5, ${bit1}, ${bit0}, NULL, NULL, NULL, '货到付款', 3)
insert into xx_article (id, create_date, modify_date, author, content, hits, is_publication, is_top, seo_description, seo_keywords, seo_title, title, article_category) values(8, '${date?string("yyyy-MM-dd HH:mm:ss")}', '${date?string("yyyy-MM-dd HH:mm:ss")}', NULL, '承担商城各类产品的售后服务，致力于为广大消费者提供“亲切、快捷、周到”优质阳光服务。多年来我们一直秉承“至真至诚，服务第一；服务是我们的唯一产品，顾客满意是我们服务的终极目标、服务理念。我们提出“服务与责任”理念，把服务责任化，真正地把消费者的利益放在第一位。深层次地挖掘服务精髓，致力专心、专注、专业化服务。', 3, ${bit1}, ${bit0}, NULL, NULL, NULL, '服务理念', 3)
insert into xx_article (id, create_date, modify_date, author, content, hits, is_publication, is_top, seo_description, seo_keywords, seo_title, title, article_category) values(9, '${date?string("yyyy-MM-dd HH:mm:ss")}', '${date?string("yyyy-MM-dd HH:mm:ss")}', NULL, '<p>\r\n	登陆后，进入“会员中心”可查询到订单状态。&nbsp;<br />\r\n&nbsp;<br />\r\n1、等待付款：请您支付订单款项，若订单尚未获得确认，正常工作时间内，最迟2小时可以获得确认，如非正常工作时间，需要等到上班时间确认。<br />\r\n&nbsp;\r\n</p>\r\n<p>\r\n	3、已支付/等待发货：这时订单已在我们工作人员的处理流程中。<br />\r\n&nbsp;\r\n</p>\r\n<p>\r\n	4、已支付/已发货：您的货物已经发出，请您稍后注意查收，订单详细中可查到快递公司和快递单号。<br />\r\n&nbsp;<br />\r\n5、订单完成：订单已成功完成交易，请对我们的商品进行评论，如收到产品有质量问题，请直接与售后部门联系。\r\n</p>', 2, ${bit1}, ${bit0}, NULL, NULL, NULL, '订单查询', 3)
insert into xx_article (id, create_date, modify_date, author, content, hits, is_publication, is_top, seo_description, seo_keywords, seo_title, title, article_category) values(10, '${date?string("yyyy-MM-dd HH:mm:ss")}', '${date?string("yyyy-MM-dd HH:mm:ss")}', NULL, '<p>\r\n	配送范围：全国各地。<br />\r\n&nbsp;\r\n</p>\r\n<p>\r\n	配送方式：普通快递、自营快递、EMS。<br />\r\n&nbsp;<br />\r\n1. 商品购买时根据会员所选配送方式为您安排。<br />\r\n&nbsp;<br />\r\n2. 选择快递的配送方式，系统会默认为申通快递。<br />\r\n&nbsp;<br />\r\n收货时间：因所在地区不同而略有差异<br />\r\n&nbsp;<br />\r\n对于一些送货上门，货到付款的；如果您在签收前发现商品有运输损坏问题，可直接拒收并与我们取得联系，商城会重新安排为您配送。外地订单在您签收前，如果发现商品有运输损坏问题，您也可以拒收包裹，写明原因，通过邮局把货返回给我们，我们在收到您退回的包裹后，会征求您的意见决定是否重新安排邮寄。<br />\r\n&nbsp;<br />\r\n配货时限解释：<br />\r\n&nbsp;<br />\r\n1.订单一般在 1-2 天内可以确认完毕，若产品缺货将及时通知您。<br />\r\n&nbsp;<br />\r\n2.配送时限是从订单状态处理到正在送货次日开始计时。不同的配送方式会有不同的配送时限。<br />\r\n&nbsp;<br />\r\n3.如您提供的联系方式或送货地址不正确,将会影响我们配送的速度。为了加快配送速度，请您提供尽可能准确的送货地址信息和联系方式；对于需要送货上门服务的，请不要仅提供信箱号，否则无法为您进行配送。如果您留的送货地址为单位地址，请特别注明您可以收货的时间，如遇到国家法定假日，无特殊说明则送货期限顺延。\r\n</p>', 2, ${bit1}, ${bit0}, NULL, NULL, NULL, '配送方式', 3)
insert into xx_article (id, create_date, modify_date, author, content, hits, is_publication, is_top, seo_description, seo_keywords, seo_title, title, article_category) values(11, '${date?string("yyyy-MM-dd HH:mm:ss")}', '${date?string("yyyy-MM-dd HH:mm:ss")}', NULL, '<p>\r\n	会员级别分四级，具体为：普通会员、银牌会员、金牌会员、白金会员，会员级别晋升均由系统自动实现，无需申请。\r\n</p>\r\n<p>\r\n	普通会员：<br />\r\n条件：任何愿意到商城购物的用户都可以免费注册。<br />\r\n待遇：可以享受注册会员所能购买的产品及服务。\r\n</p>\r\n<p>\r\n	银牌会员：<br />\r\n条件：商城消费金额达到1000元的会员。<br />\r\n待遇：购买的产品可以享受相应优惠折扣。<br />\r\n&nbsp;<br />\r\n金牌会员：<br />\r\n条件：商城消费金额达到10000元的会员。<br />\r\n待遇：购买的产品可以享受相应优惠折扣。<br />\r\n&nbsp;<br />\r\n白金会员：<br />\r\n条件：商城消费金额达到10000元的会员。<br />\r\n待遇：购买的产品可以享受相应优惠折扣。<br />\r\n&nbsp;<br />\r\n注：针对各个级别会员特别声明：<br />\r\n会员账号禁止转借或转让他人使用，如因转借或转让他人使用所带来的一切后果，商城概不负责。\r\n</p>\r\n<p>\r\n	<br />\r\n&nbsp;\r\n</p>', 2, ${bit1}, ${bit0}, NULL, NULL, NULL, '会员级别', 3)
insert into xx_article (id, create_date, modify_date, author, content, hits, is_publication, is_top, seo_description, seo_keywords, seo_title, title, article_category) values(12, '${date?string("yyyy-MM-dd HH:mm:ss")}', '${date?string("yyyy-MM-dd HH:mm:ss")}', NULL, '<p>\r\n	客户在接受商品订购与送货的同时，有义务遵守以下交易条款。您在商城下订单之前或接受商城送货之前，请您仔细阅读以下条款：\r\n</p>\r\n<p>\r\n	<br />\r\n1.订购的商品价格以您下订单时价格为准。<br />\r\n&nbsp;<br />\r\n2.请清楚准确地填写您的真实姓名、送货地址及联系方式。因如下情况造成订单延迟或无法配送等，商城将不承担责任：<br />\r\na. 客户提供错误信息和不详细的地址; <br />\r\nb. 货物送达无人签收，由此造成的重复配送所产生的费用及相关的后果; <br />\r\nc. 不可抗力，例如：自然灾害、交通戒严、突发战争等。<br />\r\n&nbsp;<br />\r\n安全性：\r\n</p>\r\n<p>\r\n	无论您是通过哪种方式支付、购买，我们会保证交易信息的安全，并由商城授权的员工处理您的订单。<br />\r\n&nbsp;<br />\r\n隐私权：\r\n</p>\r\n<p>\r\n	我们尊重您的隐私权，在任何情况下，我们都不会将您的个人和订单信息出售或泄露给任何第三方（国家司法机关调取除外）。我们从网站上或电话中得到的所有客户信息仅用来处理您的相关订单。<br />\r\n&nbsp;<br />\r\n免责：\r\n</p>\r\n<p>\r\n	如因不可抗力或其它无法控制的原因使商城销售系统崩溃或无法正常使用导致网上交易无法完成或丢失有关的信息、记录等，我们会尽可能合理地协助处理善后事宜，并努力使客户免受经济损失。<br />\r\n&nbsp;<br />\r\n客户监督：\r\n</p>\r\n<p>\r\n	我们希望通过不懈努力，为客户提供最佳服务，商城在给客户提供服务的全过程中接受客户的监督。<br />\r\n&nbsp;<br />\r\n争议处理：\r\n</p>\r\n<p>\r\n	如果客户与我们之间发生任何争议，可依据当时双方所认定的协议及相关法律进行解决。<br />\r\n&nbsp;<br />\r\n我们承诺：<br />\r\n我们秉承质优价低、放心满意的销售理念为您服务。我们所出售的商品均为正品行货，与您亲临商场选购的商品一样享受相同的质量保证；含有质量保证书的商品按照保证书的承诺执行，其它商品按国家有关规定执行。<br />\r\n&nbsp;<br />\r\n特别提示：&nbsp;<br />\r\n我们保证出货时商品外包装的完好无缺。请您在收到货物时当场仔细检查发票及货品与送货单的商品是否一致，如果发现商品缺少或已破损等情况，请在配送人员还在现场时与我司客服部联系；如果发现邮寄包装破损，货物在运输途中破损等情况，请当场指出并拒收，拒收后请致电我司客服。如您已签收或他人代为签收，则视为商品外包装，商品数量及内容无误，我司将无法受理。\r\n</p>', 1, ${bit1}, ${bit0}, NULL, NULL, NULL, '交易条款', 3)
insert into xx_article (id, create_date, modify_date, author, content, hits, is_publication, is_top, seo_description, seo_keywords, seo_title, title, article_category) values(13, '${date?string("yyyy-MM-dd HH:mm:ss")}', '${date?string("yyyy-MM-dd HH:mm:ss")}', NULL, '&nbsp;长时间未收到订单可能出现的问题<br />\r\n&nbsp;<br />\r\n1.请您确保订单中的收货地址、邮编、电话、Email地址等信息的准确性，以便商品及时、准确地发出；<br />\r\n&nbsp;<br />\r\n2.快递送货上门的订单，配送过程中如果我们联络您的时间超过7天未得到回复，此订单将被默认为您已经放弃订购。如果订单的收货地址是固定某个时间段才可接收商品时, 请您在“订单备注”栏中详细注明；<br />\r\n&nbsp;<br />\r\n3.支付完成但是遇到收货地址不详、支付金额不足或库存不足的订单，将无法及时为您发出；<br />', 1, ${bit1}, ${bit0}, NULL, NULL, NULL, '帮助中心', 3)
insert into xx_article (id, create_date, modify_date, author, content, hits, is_publication, is_top, seo_description, seo_keywords, seo_title, title, article_category) values(14, '${date?string("yyyy-MM-dd HH:mm:ss")}', '${date?string("yyyy-MM-dd HH:mm:ss")}', NULL, '<p>\r\n	一、如何获得积分：<br />\r\n购买带有积分的商品，或者参加送积分的活动，您即可获得积分;<br />\r\n获得的积分数量：请参照商品详情页展示的积分，最终获得的积分数量以订单结算页显示为准;<br />\r\n积分可在“会员中心”内查询到;<br />\r\n如果您退货，则会在退货成功后扣减您此笔交易的积分;\r\n</p>\r\n<p>\r\n	&nbsp;\r\n</p>\r\n<p>\r\n	二、积分的计算规则：<br />\r\n获得积分的数量：<br />\r\n没有积分活动的商品，会获得实际支付金额的1:1比例的积分；<br />\r\n本商城可能会对促销商品、不同的会员级别在不同时间做积分的活动，比如直接送xxxx积分，或者金级n倍等奖励活动，具体的积分数量，以结算页最终显示为准。不同的活动，享受的积分数量或倍数不同。\r\n</p>\r\n<p>\r\n	&nbsp;\r\n</p>\r\n<p>\r\n	三、积分的使用：<br />\r\n本商城积分有如下使用途径：<br />\r\n登录会员中心—在交易信息里有“积分兑换”;<br />\r\n在积分兑换区里，可以兑换礼券、实物商品、赠品等，内容我们会陆续丰富;\r\n</p>', 4, ${bit1}, ${bit0}, NULL, NULL, NULL, '会员积分', 3)
insert into xx_article (id, create_date, modify_date, author, content, hits, is_publication, is_top, seo_description, seo_keywords, seo_title, title, article_category) values(15, '${date?string("yyyy-MM-dd HH:mm:ss")}', '${date?string("yyyy-MM-dd HH:mm:ss")}', NULL, '<p>\r\n	优惠券是本商城在线发放给用户用于抵扣产品金额的优惠券。\r\n</p>\r\n<p>\r\n	&nbsp;\r\n</p>\r\n<p>\r\n	如何获取商城优惠券<br />\r\n积分兑换：用积分兑换礼券，如每100积分可兑换1元现金券。具体积分可在“会员中心”——“我的积分”中查询；<br />\r\n现金购买：与在线客户联系，直接用现金购买；<br />\r\n会员专享：本商城会针对会员做惊喜礼券派赠；\r\n</p>\r\n<p>\r\n	&nbsp;\r\n</p>\r\n<p>\r\n	优惠券使用规则<br />\r\n1.每张优惠券都有一定的使用规则，请在使用前仔细阅读该券的使用说明；<br />\r\n2.每个订单只能使用一张优惠券，一张优惠券只能使用一次；<br />\r\n3.优惠券只能抵扣货款，不找零，不能抵扣配送费、包装费及其他费用；<br />\r\n4. 使用优惠券支付的订单，如发生完成订单后退货，优惠券不予兑现，将按照实际支付货款退还；<br />\r\n5.优惠券细则在法律许可范围内本商城拥有解释权。\r\n</p>', 2, ${bit1}, ${bit0}, NULL, NULL, NULL, '优惠券', 3)
insert into xx_article (id, create_date, modify_date, author, content, hits, is_publication, is_top, seo_description, seo_keywords, seo_title, title, article_category) values(16, '${date?string("yyyy-MM-dd HH:mm:ss")}', '${date?string("yyyy-MM-dd HH:mm:ss")}', NULL, '<p>\r\n	1 若订单交易未成功，麻烦申请订单金额的正常退款。退款金额返回到您的账户。\r\n</p>\r\n<p>\r\n	&nbsp;\r\n</p>\r\n<p>\r\n	2 若订单交易成功，通过实名认证的用户，退款金额会以即时到帐方式打入您的支付宝/财付通账号，若是非认证用户，请提供其它已认证的支付宝/财付通账号或银行账号进行退款，或直接退款到会员账户中。\r\n</p>\r\n<p>\r\n	&nbsp;\r\n</p>\r\n<p>\r\n	3 若通过其他方式支付的订单，请您提供接收退款的银行信息，包括完整开户行信息（如：xx省xx市分行xx支行）、银行账号、账户名（姓名），为更快的为您办理退款，请优先提供中国建设银行、中国农业银行或中国工商银行的银行账号。\r\n</p>\r\n<p>\r\n	&nbsp;\r\n</p>\r\n<p>\r\n	4 如果所支付的订单中含有非现金部分（如优惠券、积分等），在退款时，非现金部分不能折现。\r\n</p>', 2, ${bit1}, ${bit0}, NULL, NULL, NULL, '退款注意事项', 3)
insert into xx_article (id, create_date, modify_date, author, content, hits, is_publication, is_top, seo_description, seo_keywords, seo_title, title, article_category) values(17, '${date?string("yyyy-MM-dd HH:mm:ss")}', '${date?string("yyyy-MM-dd HH:mm:ss")}', NULL, '如果您对本商城有任何建议或不满，请与联系我们，我们将在3个工作日内给予回复，非常感谢对我们商城的督促和支持。 <br />', 2, ${bit1}, ${bit0}, NULL, NULL, NULL, '投诉与建议', 3)
insert into xx_article (id, create_date, modify_date, author, content, hits, is_publication, is_top, seo_description, seo_keywords, seo_title, title, article_category) values(18, '${date?string("yyyy-MM-dd HH:mm:ss")}', '${date?string("yyyy-MM-dd HH:mm:ss")}', NULL, '<p>\r\n	基于国内诈骗案件频发，有不法分子假借一些正规电子商务营运商（下简称电商）的名义推销、强卖假冒产品（如化妆品）或会员卡等，情节恶劣，防不胜防。本商城提醒您网购时留意以下几点，谨防上当。\r\n</p>\r\n<p>\r\n	&nbsp;\r\n</p>\r\n<p>\r\n	1. 收到货到付款订单，先验货，再付款<br />\r\n当快递员将商品送到您的手上时，请先进行验货，确认商品信息，并查看商品名称、数量、价格、商家名称与您订购的信息一致后，再签收付款；<br />\r\n如果您验货时，发现收到的商品包装箱、包装中的商品与自己订购的不相符，请您拒绝签收，或与我们取得联系；\r\n</p>\r\n<p>\r\n	代收说明：如您的商品需要家人或同事代收，请您务必告知以上情况，谨防上当。\r\n</p>\r\n<p>\r\n	&nbsp;\r\n</p>\r\n<p>\r\n	2. 收到关于投奖、中奖、的电话或短信时，请提高警惕<br />\r\n如果您收到陌生人的电话或短信，内容包含抽奖、中奖信息时，请与本商城客服取得联系并确认；\r\n</p>\r\n<p>\r\n	&nbsp;\r\n</p>\r\n<p>\r\n	3. 收到QQ、论坛站内信提示您进行汇款或中奖信息时，请务必与商城客服确认<br />\r\n商城促销活动、对外公告均可在本商城官网促销页面或网站公告中查看，如果陌生人通过QQ与您联系，提示您进行汇款，或者告诉您中奖的信息，请您联系商城在线客服进行核对，请勿轻信非官方获奖信息！&nbsp;\r\n</p>', 3, ${bit1}, ${bit0}, NULL, NULL, NULL, '防骗提示', 3)
insert into xx_article (id, create_date, modify_date, author, content, hits, is_publication, is_top, seo_description, seo_keywords, seo_title, title, article_category) values(19, '${date?string("yyyy-MM-dd HH:mm:ss")}', '${date?string("yyyy-MM-dd HH:mm:ss")}', NULL, '商城店庆&nbsp;&nbsp; 时间：（2013.4.27至2013.5.23），<br />\r\n<br />\r\n&nbsp;&nbsp;&nbsp;&nbsp;&nbsp;&nbsp;&nbsp;&nbsp;&nbsp;&nbsp; 跨品类满减优惠：满200减40（优惠码不限量），满400减100（优惠码不限量）。<br />\r\n<br />\r\n&nbsp;&nbsp;&nbsp;&nbsp;&nbsp;&nbsp;&nbsp;&nbsp;&nbsp;&nbsp; 通过与商城兑换，在结账时输入优惠码，系统将自动扣除满减金额。如果其他促销也需要输入促销优惠码，则不能与本促销共同使用。<br />', 2, ${bit1}, ${bit0}, '店庆活动', '店庆活动', '店庆活动', '店庆活动 有你更精彩', 2)
insert into xx_article (id, create_date, modify_date, author, content, hits, is_publication, is_top, seo_description, seo_keywords, seo_title, title, article_category) values(20, '${date?string("yyyy-MM-dd HH:mm:ss")}', '${date?string("yyyy-MM-dd HH:mm:ss")}', NULL, '<p class="MsoNormal">\r\n	<span> </span> \r\n</p>\r\n低价一站到底<br />\r\n<br />\r\n4月27日商城开启低价一站到底，一天三场万人抢购，服饰全场满1999减200，满999减100，品牌服装冲锋底价，更有全场满返现金券，部分品类满100就返30元现金券，更多惊喜，尽在4月27日开启！<br />', 2, ${bit1}, ${bit0}, NULL, NULL, NULL, '低价一站到底', 2)
insert into xx_article (id, create_date, modify_date, author, content, hits, is_publication, is_top, seo_description, seo_keywords, seo_title, title, article_category) values(21, '${date?string("yyyy-MM-dd HH:mm:ss")}', '${date?string("yyyy-MM-dd HH:mm:ss")}', NULL, '<p>\r\n	各位亲爱的顾客：\r\n</p>\r\n<p>\r\n	<br />\r\n</p>\r\n<p>\r\n	&nbsp;&nbsp;&nbsp;&nbsp;&nbsp; 品牌服饰周末耍大牌，为您打造专属于您的男性魅力！\r\n</p>\r\n<p>\r\n	<br />\r\n</p>\r\n&nbsp;&nbsp;&nbsp;&nbsp;&nbsp; 倾情为您打造男士商务、休闲一站式采购的男装盛典，还为您准备以下惊喜：&nbsp;&nbsp;&nbsp;&nbsp;&nbsp;&nbsp;&nbsp;&nbsp; &nbsp;<br />\r\n<p>\r\n	&nbsp;&nbsp;&nbsp;&nbsp;&nbsp;\r\n</p>\r\n<p>\r\n	&nbsp;&nbsp;&nbsp;&nbsp;&nbsp; 惊喜1：众多春夏新品首发，尝鲜体验；&nbsp;&nbsp;&nbsp;&nbsp;&nbsp;&nbsp;&nbsp;&nbsp;&nbsp;&nbsp;&nbsp;&nbsp;&nbsp;&nbsp;&nbsp;&nbsp;&nbsp;&nbsp;&nbsp;&nbsp;&nbsp;&nbsp;&nbsp;&nbsp;&nbsp;&nbsp;&nbsp;&nbsp;&nbsp;&nbsp;&nbsp;&nbsp;&nbsp;&nbsp;&nbsp;&nbsp;&nbsp;&nbsp;&nbsp;&nbsp;&nbsp;&nbsp;&nbsp;&nbsp;&nbsp;&nbsp;&nbsp;&nbsp;&nbsp;&nbsp;&nbsp;&nbsp;&nbsp;&nbsp;&nbsp;&nbsp;&nbsp;&nbsp;&nbsp; &nbsp;\r\n</p>\r\n<p>\r\n	<br />\r\n</p>\r\n<p>\r\n	&nbsp;&nbsp;&nbsp;&nbsp;&nbsp; 惊喜2：全场1-5折，所有产品赠精美礼盒包装，支持货到付款或快递发货；\r\n</p>\r\n<p>\r\n	<br />\r\n</p>\r\n<p>\r\n	&nbsp;&nbsp;&nbsp;&nbsp;&nbsp; 惊喜3：全场满300元减20元，满400元减30元，满900元减100元\r\n</p>\r\n<p>\r\n	<br />\r\n</p>\r\n<p>\r\n	&nbsp;&nbsp;&nbsp;&nbsp;&nbsp; 祝大家购物愉快！\r\n</p>', 3, ${bit1}, ${bit0}, NULL, NULL, NULL, '周末耍大牌', 2)
insert into xx_article (id, create_date, modify_date, author, content, hits, is_publication, is_top, seo_description, seo_keywords, seo_title, title, article_category) values(22, '${date?string("yyyy-MM-dd HH:mm:ss")}', '${date?string("yyyy-MM-dd HH:mm:ss")}', NULL, '时间：2013-4-27 &nbsp;<br />\r\n<br />\r\n&nbsp;&nbsp;&nbsp;&nbsp; 箱包百万优惠劵免费领啦！20元面额，当现金，无消费限额，即领即用！先领券，再下单直减钱！美旅拉杆箱、大牌ELLE女包、花花公子皮带、威戈电脑包、七匹狼男包。。。<br />\r\n<br />\r\n&nbsp;&nbsp;&nbsp;&nbsp; 下单都用券，直减钱！疯了疯了，还不快抢！<br />\r\n<br />\r\n&nbsp;&nbsp;&nbsp;&nbsp; 活动时间：4月27号 9:30---5月27号 9:30<br />\r\n<br />', 2, ${bit1}, ${bit0}, NULL, NULL, NULL, '箱包百万优惠券大派送', 2)
insert into xx_article (id, create_date, modify_date, author, content, hits, is_publication, is_top, seo_description, seo_keywords, seo_title, title, article_category) values(24, '${date?string("yyyy-MM-dd HH:mm:ss")}', '${date?string("yyyy-MM-dd HH:mm:ss")}', NULL, '<p class="MsoNormal">\r\n	<span><span></span></span><span style="font-family:宋体;">尊敬的商城会员：</span>\r\n</p>\r\n<p class="MsoNormal">\r\n	<span style="font-family:宋体;"><br />\r\n</span>\r\n</p>\r\n<p class="MsoNormal">\r\n	<span><span>&nbsp;&nbsp;&nbsp; </span></span><span style="font-family:宋体;">喜迎五．一大促销活动开始啦！</span><span>10</span><span style="font-family:宋体;">元礼品任你选满百即送！多买多得！</span>\r\n</p>\r\n<p class="MsoNormal">\r\n	<span><span>&nbsp;&nbsp;&nbsp; <br />\r\n</span></span>\r\n</p>\r\n<p class="MsoNormal">\r\n	<span><span></span></span><span style="font-family:宋体;">活动规则：</span>\r\n</p>\r\n<p class="MsoNormal">\r\n	<span style="font-family:宋体;"><br />\r\n</span>\r\n</p>\r\n<p class="MsoNormal">\r\n	<span><span>&nbsp;&nbsp;&nbsp; </span>1.</span><span style="font-family:宋体;">此活动仅限玩具类产品（包括益智图书）。</span>\r\n</p>\r\n<p class="MsoNormal">\r\n	<span style="font-family:宋体;"><br />\r\n</span>\r\n</p>\r\n<p class="MsoNormal">\r\n	<span><span>&nbsp;&nbsp;&nbsp; </span>2.</span><span style="font-family:宋体;">单笔订单满</span><span>100</span><span style="font-family:宋体;">元（不包括邮费），本商城儿童玩具</span><span>10</span><span style="font-family:宋体;">以下产品任选</span><span>1</span><span style="font-family:宋体;">件。</span>\r\n</p>\r\n<p class="MsoNormal">\r\n	<span style="font-family:宋体;"><br />\r\n</span>\r\n</p>\r\n<p class="MsoNormal">\r\n	<span><span>&nbsp;&nbsp;&nbsp; </span>3.</span><span style="font-family:宋体;">满</span><span>200</span><span style="font-family:宋体;">可任选</span><span>20</span><span style="font-family:宋体;">元以下产品</span><span>1</span><span style="font-family:宋体;">件。满</span><span>300</span><span style="font-family:宋体;">元可任选</span><span>30</span><span style="font-family:宋体;">元以下产品</span><span>1</span><span style="font-family:宋体;">件，以此类推</span>\r\n</p>\r\n<p class="MsoNormal">\r\n	<span style="font-family:宋体;"><br />\r\n</span>\r\n</p>\r\n<p class="MsoNormal">\r\n	<span><span>&nbsp;&nbsp;&nbsp; </span>4.</span><span style="font-family:宋体;">活动时间为</span><span>4</span><span style="font-family:宋体;">月</span><span>26</span><span style="font-family:宋体;">日</span><span>~6</span><span style="font-family:宋体;">月</span><span>16</span><span style="font-family:宋体;">日</span>\r\n</p>\r\n<p class="MsoNormal">\r\n	<span style="font-family:宋体;"><br />\r\n</span>\r\n</p>\r\n<p class="MsoNormal">\r\n	<span><span>&nbsp;&nbsp;&nbsp; </span>5.</span><span style="font-family:宋体;">最终解释权归本商城所有。</span>\r\n</p>', 0, ${bit1}, ${bit0}, NULL, '欢庆黄金周', '欢庆黄金周', '欢庆黄金周 10元礼品任你选满百即送！多买多得！', 2)
insert into xx_article (id, create_date, modify_date, author, content, hits, is_publication, is_top, seo_description, seo_keywords, seo_title, title, article_category) values(25, '${date?string("yyyy-MM-dd HH:mm:ss")}', '${date?string("yyyy-MM-dd HH:mm:ss")}', NULL, '<p class="MsoNormal">\r\n	<span style="font-family:宋体;">注册或购买就送</span><span>50</span><span style="font-family:宋体;">积分</span><span><span> <br />\r\n</span></span>\r\n</p>\r\n<p class="MsoNormal">\r\n	<span><span>&nbsp;&nbsp;&nbsp;&nbsp;&nbsp;&nbsp;&nbsp;&nbsp;&nbsp;&nbsp;&nbsp;&nbsp;&nbsp;&nbsp;&nbsp;&nbsp; </span></span>\r\n</p>\r\n<p class="MsoNormal">\r\n	<span style="font-family:宋体;">&nbsp;&nbsp;&nbsp; 活动时间：</span><span>2013</span><span style="font-family:宋体;">年</span><span>4</span><span style="font-family:宋体;">月</span><span>27</span><span style="font-family:宋体;">日至</span><span>2013</span><span style="font-family:宋体;">年</span><span>5</span><span style="font-family:宋体;">月</span><span>27</span><span style="font-family:宋体;">日。</span>\r\n</p>\r\n<p class="MsoNormal">\r\n	<span style="font-family:宋体;"><br />\r\n</span>\r\n</p>\r\n<p class="MsoNormal">\r\n	<span style="font-family:宋体;">&nbsp;&nbsp;&nbsp; 活动规则：</span>\r\n</p>\r\n<p class="MsoNormal">\r\n	<span style="font-family:宋体;"><br />\r\n</span>\r\n</p>\r\n<p class="MsoNormal">\r\n	<span style="font-family:宋体;">&nbsp;&nbsp;&nbsp; 活动期间</span><span>,</span><span style="font-family:宋体;">新用户注册和注册用户在商城购物均可获得商城五十积分。（活动期间注册并购买商品的用户只能获得一次五十积分的机会）赠送积分会在活动结束后一周内发放到用户的个人中心</span><span>,</span><span style="font-family:宋体;">请注意查收。如果退货</span><span>,</span><span style="font-family:宋体;">积分会被收回。</span>\r\n</p>\r\n<p class="MsoNormal">\r\n	<span style="font-family:宋体;"><br />\r\n</span>\r\n</p>\r\n<p class="MsoNormal">\r\n	<span style="font-family:宋体;">&nbsp;&nbsp;&nbsp; 商城将不定期举办积分购购购活动</span><span>,</span><span style="font-family:宋体;">会给新老会员发送消息</span><span>,</span><span style="font-family:宋体;">敬请关注。</span>\r\n</p>', 0, ${bit1}, ${bit0}, NULL, '注册送积分', '注册送积分', '注册或购买就送50积分', 2)
insert into xx_article (id, create_date, modify_date, author, content, hits, is_publication, is_top, seo_description, seo_keywords, seo_title, title, article_category) values(26, '${date?string("yyyy-MM-dd HH:mm:ss")}', '${date?string("yyyy-MM-dd HH:mm:ss")}', NULL, '<p>\r\n	年中大团购 全场3.2折起\r\n</p>\r\n<p>\r\n	<br />\r\n</p>\r\n<p>\r\n	&nbsp;&nbsp;&nbsp;&nbsp;&nbsp; 时间： 2013-01-01\r\n</p>\r\n<p>\r\n	<br />\r\n</p>\r\n&nbsp;&nbsp;&nbsp;&nbsp;&nbsp; 商城推出“年中大团购 底价大决算”活动，一年一次的盛惠，抢到就是赚到！<br />\r\n<p>\r\n	&nbsp;&nbsp;&nbsp;&nbsp;&nbsp; 活动期间，全场商品最低3.2折起！品牌服饰最高直降200元，箱包买一赠一，惊喜连连，底价大放送，抽奖抽到你手软！\r\n</p>\r\n<p>\r\n	<br />\r\n</p>\r\n<p>\r\n	&nbsp;&nbsp;&nbsp;&nbsp;&nbsp; 活动时间：6月26-30日\r\n</p>\r\n<p>\r\n	<br />\r\n</p>\r\n&nbsp;&nbsp;&nbsp;&nbsp;&nbsp; 祝大家购物愉快！', 4, ${bit1}, ${bit0}, NULL, NULL, NULL, '年中大团购 全场3.2折起', 2)
insert into xx_article (id, create_date, modify_date, author, content, hits, is_publication, is_top, seo_description, seo_keywords, seo_title, title, article_category) values(27, '${date?string("yyyy-MM-dd HH:mm:ss")}', '${date?string("yyyy-MM-dd HH:mm:ss")}', NULL, '<p>\r\n	&nbsp;&nbsp;&nbsp;&nbsp;&nbsp; 爱美的你是否早已按捺不住？五一过后就是热辣的夏天，我们为女性朋友们带来涵盖多种品牌的缤纷大促销，从鞋包到服装一应俱全，全面满足你的购物欲。4月27日至4月30日三天内，光临女人节，就有三重特惠供你选择，满199元减60元、满299元减100元、满499元减180元。\r\n</p>\r\n<p>\r\n	<br />\r\n</p>\r\n<p>\r\n	&nbsp;&nbsp;&nbsp;&nbsp;&nbsp; 据介绍，此次中国靓丽女人节力邀众多国际知名品牌，为女性朋友带来一道丰盛的美丽大餐。化妆品品牌雅诗兰黛（ESTEE LAUNDER）、兰寇（Lancôme）、资生堂（Shiseido）、玉兰油（OLAY）、欧珀莱（AUPRES）等携手服装品牌欧时力（Ochirly）、埃斯普利特（Esprit）等倾情力减，美颜护肤搭配精致时装，让你惊艳众人；而鞋包品牌比如玖熙（Nine West）、阿迪达斯（Adidas）、蔻驰（Coach）等，也竞相推出促销产品，相信总有一款适合你。\r\n</p>\r\n<p>\r\n	<br />\r\n</p>\r\n<p>\r\n	&nbsp;&nbsp;&nbsp;&nbsp;&nbsp; 春天刚过，相信很多女性都在为节后体重增加而烦恼；同时，有很多白领女性年纪轻轻，就已经腰酸背痛。趁此女人节之际，我们特别推出多种运动及户外健身用品，比如阿瑞娜（Arena）、皮尔瑜伽（PierYoga）、狼爪（Jack Wolfskin）等，让女性朋友们走出办公室拥抱自然，远离亚健康，减掉身上赘肉。还等什么？赶快备好行装动起来！\r\n</p>\r\n<p>\r\n	<br />\r\n</p>\r\n<p>\r\n	&nbsp;&nbsp;&nbsp;&nbsp;&nbsp; 秉承“天天低价，正品行货”的承诺，我们在这特殊的节日也为女性朋友们带来丰富、优惠的美丽套餐。精彩五月、缤纷夏日，我们和万千女性一起，共同打造真正靓丽时尚的“女人节”。\r\n</p>', 8, ${bit1}, ${bit0}, NULL, NULL, NULL, '五月靓丽女人节 呵护自己', 1)
insert into xx_article (id, create_date, modify_date, author, content, hits, is_publication, is_top, seo_description, seo_keywords, seo_title, title, article_category) values(28, '${date?string("yyyy-MM-dd HH:mm:ss")}', '${date?string("yyyy-MM-dd HH:mm:ss")}', NULL, '&nbsp;&nbsp;&nbsp;&nbsp;&nbsp; 2009年中，苹果公司市值超越谷歌；2010年5月，超越微软成为全球市值最高的科技公司；2012年8月12日，苹果市值超越石油巨头埃克森美孚，登顶全球市值榜首。一次次不断超越为我们展现的不仅是苹果公司活力与激情、动荡与辉煌相互交织的发展轨迹，更是新兴产业与传统产业之间的博弈，以互联网技术为基础的商业时代已经到来。<br />\r\n<br />\r\n<p>\r\n	&nbsp;&nbsp;&nbsp;&nbsp;&nbsp; “移动电子商务”、“社交网络”、“4G”、“SoLoMo”……全新的技术和概念串联起了数字化时代下的鲜明特征，也为未来商业发展提供了更多的可能与选择。时代的快速变化总是超出我们的想象。Google推出的Android操作系统及相应手机在全球迅速流行并普及；以Facebook、Twitter、新浪微博等为代表的社交型平台网络也体现出越来越明显的移动化特征；在日本，De NA、Gree等移动社交网站占据了市值排行榜的前列。显而易见，互联网市场的竞争态势已经从企业间竞争逐渐向全产业链竞争开始转移。近日，搜索巨头Google一手举着刚刚收购的摩托罗拉手机，另一只手则紧握社交终端。马云的态度更是异常坚决：“今年淘宝最重要的任务就是把淘宝SNS化。”百度CEO李彦宏也宣称：“百度要大规模的进入SNS领域。”\r\n</p>\r\n<p>\r\n	<br />\r\n</p>\r\n<p>\r\n	&nbsp;&nbsp;&nbsp;&nbsp;&nbsp; 中国的互联网企业在看到社交网络未来发展机遇的同时，也将目光迅速转向到了对移动互联网产业的关注，具有混搭风格的SoLoMo模式则被看成是继PC互联网之后下一个十年的主流发展趋势。在“概念”横行的时代里，电商企业作为互联网生态圈中的又一重要分支，在面对移动互联网这块充满着巨大诱惑和极具挖掘潜力的“蛋糕”时，也纷纷推出了适用于Symbian、Android、iPhone等不同手机平台的移动客户端以完善自身产业链体系。\r\n</p>\r\n<p>\r\n	<br />\r\n</p>\r\n<p>\r\n	&nbsp;&nbsp;&nbsp;&nbsp;&nbsp; 中国的移动电子商务目前尚处于起步阶段，有业内人士指出：“移动电子商务尤其是手机购物的发展，首先要依赖于智能手机的普及和网络对于应用的支撑，然后是用户习惯的培养，这些是基础。就目前来看，尽管如今智能手机市场发展迅速，但是普及度仍然不够，并且对于移动网络方面，也仍有待发展和完善。同时，与之相关的配套服务也应同比例提升，毕竟电子商务的实质在于‘商务’。\r\n</p>\r\n<p>\r\n	<br />\r\n</p>\r\n&nbsp;&nbsp;&nbsp;&nbsp;&nbsp; 事实上，目前许多互联网企业应对移动互联网趋势的最稳妥做法就是将其内容和应用从PC向手机进行移植，但要真正要得到用户的青睐，完全取决于用户体验效果的成败。“决定电子商务企业成败的核心点只有四个字‘顾客体验’。电子商务作为新型的业态，尤其在中国还远不够成熟。企业需结合其核心能力与上游供应商端及物流端的资源整合，为顾客提供更好的购物体验和价值。模式的创新多半重‘电子’，竞争关键则在于强化每个‘商务’的细节。”<br />\r\n&nbsp;', 5, ${bit1}, ${bit0}, NULL, NULL, NULL, '电子商务未来是否需要“移动”', 1)
insert into xx_article (id, create_date, modify_date, author, content, hits, is_publication, is_top, seo_description, seo_keywords, seo_title, title, article_category) values(29, '${date?string("yyyy-MM-dd HH:mm:ss")}', '${date?string("yyyy-MM-dd HH:mm:ss")}', NULL, '尊敬的顾客，您好！<br />\r\n<br />\r\n&nbsp;&nbsp;&nbsp; 如果您的多个订单被合并发货， 并且您支付了多次运费的， 请在包裹签收7天后致电客服热线400-000-****， 或发邮件到官方邮箱进行登记，我们将在1个工作日内按实际发货情况将多收运费返还到您的商城个人账号。<br />\r\n<br />\r\n&nbsp;&nbsp;&nbsp; 特别说明： 收货后7天内因为可能发生退换货，不处理相关运费返还业务。<br />\r\n<br />\r\n&nbsp;&nbsp;&nbsp; 祝您工作顺利、生活愉快！<br />\r\n<br />\r\n2013年4月27日', 3, ${bit1}, ${bit0}, NULL, NULL, NULL, '合并运费返还方案公告', 1)
insert into xx_article (id, create_date, modify_date, author, content, hits, is_publication, is_top, seo_description, seo_keywords, seo_title, title, article_category) values(30, '${date?string("yyyy-MM-dd HH:mm:ss")}', '${date?string("yyyy-MM-dd HH:mm:ss")}', NULL, '<p>\r\n	&nbsp;&nbsp;&nbsp; 从今日起，国美在线将启动新一轮价格战。记者发现，当当网、1号店、乐蜂网、聚美优品等二线电商也将4月作为了大促时段。在京东商城、苏宁易购等电商试图盈利的发展转型期，二线电商纷纷造势抢占市场份额。\r\n</p>\r\n<p>\r\n	　　据悉，本次国美电商的“最强店庆月”的跨度长达一个月，并将在本月18日店庆当日达到高峰。据一位接近国美在线的人士透露，国美在线方面希望将“4•18”打造成与淘宝“双11”光棍节、京东商城“6•18”店庆促销一样震动行业的电商促销盛宴。\r\n</p>\r\n&nbsp;&nbsp;&nbsp;&nbsp;&nbsp; 不仅是国美在线，当当网、1号店、乐蜂网和聚美优品等电商企业也纷纷在4月掀起促销狂潮。当当网相关负责人表示，利用春夏这一时间点促销，避开淘宝网的秋冬大促，并打造自己的促销品牌。事实上在经历过去年的大促后，京东商城、苏宁易购等电商巨头不约而同开始弱化价格战，将发展重心回归到盈利能力提升以及对用户体验层面上。因为包括京东商城和苏宁易购在内的大型电商都将今年视做变革之年。<br />\r\n<br />\r\n四月电商价格战火重燃 服务为决胜之道<br />\r\n<br />\r\n<p>\r\n	　　进入4月，国美、苏宁电商高举促销让利的大旗，再燃价格战火。而2013一开年，在京东商城内部年会上，京东商城集团创始人兼CEO刘强东发表讲话，阐释京东2013年的“修养生息”战略，并首次指出了京东商城第二个十年的三大发展方向：自营电商、开放服务和数据金融。在2013年围绕美苏之间的首轮价格战来临之时，京东仍旧挂出“免战牌”。由于京东的缺席，原来的“三国杀”变为了“美苏争霸”。\r\n</p>\r\n<p>\r\n	　　有业内人士表示，京东缺席价格战是个好的选择，因为任何一家企业都有自己的问题，京东也不例外。经过六年高速发展的京东，确实需要好好的修养了。人员的扩张带来的问题、生态系统的建设等。刘强东在接受腾讯科技采访时称，京东出现了大公司病的苗头，在业界的声誉没有初创期那么好了。还有人员的扩张，带来了管理的难度。内部的这些问题，远远比价格战重要。把内部的问题梳理、解决好，才能为下一轮的增长打好基础。\r\n</p>\r\n<p>\r\n	　　不过，有分析认为，京东此举并不那么轻松。尽管京东在B2C市场份额占据领先优势，但是在电商混战的状态下，市场格局并没有稳定，未来市场份额排名难以预料。中国电子商务的发展大致可以分为四个阶段：首先是依赖低价格吸引用户的“价格竞争”阶段；其次是通过营销手法诱导用户购买的“营销竞争”阶段；再次是依靠口碑，用货真价实的商品吸引用户多次购买的“品质竞争”阶段；最后，则是更贴近消费者需求、品质更有保证、用户粘性强、品牌美誉度极高，拥有强大品牌吸引力的“品牌竞争”阶段。京东退出价格战，提高自己的服务正是决胜之道。\r\n</p>\r\n<p>\r\n	　　对于爆发的4月“美苏大战”，一定程度上反应了当前行业格局的微妙变化。实际上，去年所发生的京东、国美、苏宁三家电商龙头公司的价格战，将要转变为线上版的“美苏争霸”，无论结果如何，都将对京东现有地位形成一定的威胁。\r\n</p>\r\n<p>\r\n	　　久违的价格战让今年电商市场显得相对平静，“搅局者”腾讯旗下易迅网正欲打破这种局面。近日易迅网宣布从今日开始，针对京东商城、苏宁易购和国美在线三家的商品售价，启动名为“价格终结者”的保价行动，并持续一个月。\r\n</p>\r\n<p>\r\n	　　业内人士表示，历经前期的探索与积累，传统企业电商已经显示出了强大的实力与爆发力，国美苏宁此时趁主要竞争对手休养生息之际，自然不会放过进一步抢占市场份额的机会。目前，低价竞争仍是最有效的手段，因此国美苏宁势必掀起新一轮的价格大战。\r\n</p>\r\n<p>\r\n	<br />\r\n</p>\r\n<p>\r\n	　　那么，在国美苏宁继续发力挑战电商现有格局的2013年里，京东是否会重回价格战？\r\n</p>\r\n<p>\r\n	<br />\r\n</p>\r\n<p>\r\n	　　“在目前家电类电商利润稀薄的状况下，价格战等同于自杀式流血，不可持续。今年电商的主题是通过合理的成本控制，升级营销手段来保持经营利润，促进整个电商行业健康可持续发展。”对于京东“哑火”，新七天电器品牌总监田原认为，京东商城在独立B2C市场上的垄断性优势，已经让其不屑于打价格战。\r\n</p>\r\n　　有独立电商观察者对记者表示，包括京东和国美苏宁在内，电商整体还是会保持一个基本低价的态势，但真正的竞争还会是在售后体验上，而售后体验的经验积累和物流体系建设，也绝非一日之功，各大电商还需投入更多精力提升用户体验。<br />\r\n<br />\r\n<br />', 12, ${bit1}, ${bit0}, NULL, NULL, NULL, '电商变革 电商造节促销欲打翻身仗', 1)
insert into xx_article (id, create_date, modify_date, author, content, hits, is_publication, is_top, seo_description, seo_keywords, seo_title, title, article_category) values(31, '${date?string("yyyy-MM-dd HH:mm:ss")}', '${date?string("yyyy-MM-dd HH:mm:ss")}', NULL, '酷酷搭配逛街去 时尚美范赚足回头率<br />\r\n<br />\r\n　　如何装扮自己，才能赢得路人们的注意呢。对于许许多多的爱美的女性朋友们来说，学习时尚的服饰搭配技巧是非常重要的一个课题。接下来，就让小编来告诉你吧，一定要仔细学习哦，相信一定可以找到属于你自己的搭配风格的。<br />\r\n&nbsp;<br />\r\n　　民族风的披肩，喜欢旅游的女孩们，外出穿上这款yy，非常有感觉哦!独具特色的民族风花纹图案，穿上它超级显个性的。内搭最百搭的黑色打底毛衫，下身配搭黑色紧身牛仔裤+皮质过膝长靴，很时髦帅酷哦!', 2, ${bit1}, ${bit0}, NULL, NULL, NULL, '酷酷搭配逛街去 时尚美范赚足回头率', 1)
insert into xx_article (id, create_date, modify_date, author, content, hits, is_publication, is_top, seo_description, seo_keywords, seo_title, title, article_category) values(32, '${date?string("yyyy-MM-dd HH:mm:ss")}', '${date?string("yyyy-MM-dd HH:mm:ss")}', NULL, 'google快递<br />\r\n<br />\r\n　　今天，Google 宣布了其 Google 购物快递(Shopping Express) 服务正式上线，与其配套的当日送达服务只在美国部分地区试运营。截至目前，已有包括 Target/Walgreens 在内的数十家零售商合作伙伴。<br />\r\n<br />\r\n　　此前有媒体猜测，Google 可能会推出 64-69 美元 / 年的价格来同 Amazon 竞争，但就目前的情况看，Google 似乎仍未拿出一个合理定价方案，未来会根据零售商以及首批试用用户数据，制定合理的价格。首批试用者也可以免费享受六个月的当日送达服务。<br />\r\n<br />\r\nGoogle快递服务<br />\r\n<br />\r\n　　对于普通消费者来说，好处是购物时除了 Amazon，他们又多了一个选择；而商家也会因此带来一批新的用户。<br />\r\n<br />\r\n　　自此，Google 又多了一重“电商”的身份，其他在线零售商要小心了，尤其是电商巨头 Amazon。', 1, ${bit1}, ${bit0}, NULL, NULL, NULL, '谷歌正式进军电商行业 推购物快递服务', 1)
insert into xx_article (id, create_date, modify_date, author, content, hits, is_publication, is_top, seo_description, seo_keywords, seo_title, title, article_category) values(33, '${date?string("yyyy-MM-dd HH:mm:ss")}', '${date?string("yyyy-MM-dd HH:mm:ss")}', NULL, '<p>\r\n	&nbsp;&nbsp;&nbsp;&nbsp;&nbsp; 越来越多的70后、80后发现，身边的父母长辈开始聊网购了，甚至有不少人已经能在网上购物。在这一现象的背后，网购已经成为人们主流的消费方式和拉动经济增长的新引擎，国内零售业也由此进入了新旧经济模式转型的关键节点。\r\n</p>\r\n<p>\r\n	<br />\r\n</p>\r\n<p>\r\n	　　在今年的全国两会上，还有不少50、60后代表饶有兴致地谈起网购经历。就连广大农村地区的居民也加入了电子商务大军，不少农民还扯条网线当上了“网商”，直接把家里的土特产卖到了全国各地。根据中国互联网络信息中心（CNNIC）发布的报告，截至2012年12月底，我国网络购物用户规模达到2.42亿。艾瑞咨询数据显示，2012年中国网络购物市场交易规模达1.3万亿元，在社会消费品总零售额的占比达到6.2%。\r\n</p>\r\n<p>\r\n	<br />\r\n</p>\r\n<p>\r\n	　　在网购规模逐年扩大的同时，百货商场沦落为“试衣间”的趋势也越来越明显。就连年销售额400多亿、拥有银泰百货等金字招牌的银泰集团董事长沈国军也公开表示：“电子商务发展势不可挡，传统零售业务不变革的话是死路一条。”而在传统零售商尝试转型之前，不少制造商早已加入了网销大军。\r\n</p>\r\n<p>\r\n	<br />\r\n</p>\r\n<p>\r\n	　　为此电商服务平台为创业者电商提供最好的服务，无论有无开网店的经验，电商服务平台的技术人员都会帮您实现，并将您培养成一名成功的创业者。省钱省力，上手迅速。一个完整的开网店过程：谋划网站功能--找电商服务平台签合同做网站，空间费，带宽费，域名费--网站开发费用--学习网店后台操作--开通支付功能--向网店上传商品--开始运作。\r\n</p>\r\n<p>\r\n	<br />\r\n</p>\r\n　　企业尤其是传统企业想要做好电子商务，想要进军电子商务市场，想要在电子商务市场竞争中逆流而上，必要的电子商务力量与支持绝对不能少。', 2, ${bit1}, ${bit0}, NULL, NULL, NULL, '创业者电商 促进中国经济生活转型', 1)
insert into xx_article (id, create_date, modify_date, author, content, hits, is_publication, is_top, seo_description, seo_keywords, seo_title, title, article_category) values(34, '${date?string("yyyy-MM-dd HH:mm:ss")}', '${date?string("yyyy-MM-dd HH:mm:ss")}', NULL, '　　刘女士是经常去马连道，因为她爱喝茶，但是从今年8月份后，她再也不去马连道了，原来是她从网上购茶了，之前刘女士是从来不相信网上购物的，那为什么后来就从网上购物了呢。<br />\r\n<br />\r\n　　事情的经过是这样的，今年八月中旬的一天，刘女士又到日子要去马连道买茶了，正准备出门，女儿说，现在网上购物又省心，又省力，何必跑那么远呢，网上有一个专门卖茶的网站叫国茶商城还不错，你可以上去看看，刘女士本来是不相信网上购物的，别看天天上网，也只是聊个天打个字，从来不在网上购物，可这次听女儿说的这么好，正好今天车又限号，她也不想大热天的挤公交，心想就试试吧，她打开国茶商城页面一看，好家伙，品种还很全，自己能见到的茶叶，这茶城里全有，价格也公道，正看着呢，结果瞧见一个茶叶竟然零元销售，刘女士心想估计又是一个不靠谱的网站，反正是零元，试一下吧。就点了购买，完了就关了页面了。之后又坐车去马连道。<br />\r\n<br />\r\n　　本来刘女士也不以为意，估计人家网站也不可能零元销售，估计又是骗子网站，可是下午回家后，竟然有人打电话问她是不是在国茶商城定过茶，刘女士有点觉得惊讶了，最让他惊讶的是下午两点竟然有人给他把价值二百多元的茶送过来了，刘女士没掏一分钱。<br />\r\n<br />\r\n<p>\r\n	　　事后刘女士通过问网站配送人员才知道，本来国茶商城在测试阶段，所以有些细节检查的并不仔细，并没有想到会有人去真正的购买，可是没有想到有人下单了，看到定单后，商城的销售人员立即打电话给了领导，领导当时就做出决定：赔钱也要做到诚售，既然标了零元就要做到。这样才有了下午的一幕，最后刘女士一分钱没花买到了价值二百多的六安瓜片。\r\n</p>\r\n<p>\r\n	<br />\r\n</p>\r\n&nbsp;&nbsp;&nbsp;&nbsp;&nbsp; 事情传出后，国茶商城被众网友评为了最诚信电商。由此可见信誉、品牌在消费者看来是责任是义务，是商家对待消费者的态度。而对商家而言信誉、诚信则是消费者最好的评价与支持。诚信为本 千古不变。', 4, ${bit1}, ${bit0}, NULL, NULL, NULL, '看国茶商城被网友评为最诚信电商之一，言电商信誉、品牌塑造。', 1)
insert into xx_article (id, create_date, modify_date, author, content, hits, is_publication, is_top, seo_description, seo_keywords, seo_title, title, article_category) values(35, '${date?string("yyyy-MM-dd HH:mm:ss")}', '${date?string("yyyy-MM-dd HH:mm:ss")}', NULL, '<p>\r\n	　&nbsp; 受全球经济增长迟缓的影响，2012年中国电子商务市场整体增速有所回落，艾瑞咨询数据显示，2012年中国电子商务市场交易规模达8.1万亿元；从市场结构来看，网络购物突破万亿元大关，比较2011年有提升，在线旅游份额保持稳定，而B2B占比下降2个百分点。\r\n</p>\r\n<p>\r\n	<br />\r\n</p>\r\n<p>\r\n	　　市场规模：2012年中国电子商务市场交易规模8.1万亿元\r\n</p>\r\n<p>\r\n	<br />\r\n</p>\r\n　　艾瑞咨询统计数据显示，2012年中国电子商务市场整体交易规模为8.1万亿元，增长27.9%，与2011年32.8%的增速相比，下降了近5个百分点；其中2012Q4整体交易规模为2.4万亿元，环比增长16.2%，同比增长27.5%。<br />\r\n<p>\r\n	　　艾瑞咨询分析认为，电子商务市场规模增速有所回落，其原因主要是2012年国际贸易增速回落，欧洲债务危机不断加剧，美国经济复苏缓慢，全球经济收缩步伐加快；此外海关总署最新发布的数据也体现出这个态势，2012年全年中国进出口总额为38667.6亿美元，较2011年增长6.2%，而2011年同期的增速为22.5%，下降16个百分点。艾瑞咨询认为，当前经济环境对企业间电子商务行为产生较大影响，而B2B部分交易规模占电商整体八成以上，B2B市场规模在2012年增速放缓直接影响了整体规模增速。\r\n</p>\r\n<p>\r\n	<br />\r\n</p>\r\n<p>\r\n	　　市场格局：电商频繁促销活动驱动网购市场份额的增长\r\n</p>\r\n<p>\r\n	<br />\r\n</p>\r\n　　艾瑞咨询统计数据显示，2012年电子商务市场细分行业结构中，中小企业B2B电子商务占比53.3%，规模以上B2B占28.3%，企业间电子商务合计占81.6%；网络购物交易规模市场份额达到16.0%；在线旅游交易规模占比为2.1%。<br />\r\n　　艾瑞咨询分析认为，2012年中国网络购物市场份额有所提升，其因素是核心电商企业通过各种形式的促销，深入挖掘网购用户的消费潜力，从而带动了网购市场的快速增长。仅“双十一”仅淘宝就创造了191亿的交易业绩，远超美国2012年“网购星期一”15亿美元交易额水平。未来随着传统企业大规模进入电商行业、移动互联网的快速发展促使移动购物日益便捷，中国网络购物市场整体还将保持较快增长速度。<br />\r\n　　此外，在线旅游市场虽然占比较低，但近年来受机票、酒店、旅游度假等细分市场不同程度的驱动，一直保持30%以上的增长，逐渐成为电子商务市场重要的组成部分。<br />\r\n<br />', 12, ${bit1}, ${bit0}, NULL, NULL, NULL, '中国电商交易额8.1万亿 网购占比提升', 1)

insert into xx_product_category (id, create_date, modify_date, orders, grade, name, seo_description, seo_keywords, seo_title, tree_path, parent) values(1, '${date?string("yyyy-MM-dd HH:mm:ss")}', '${date?string("yyyy-MM-dd HH:mm:ss")}', 1, 0, '时尚女装', NULL, NULL, NULL, ',', NULL)
insert into xx_product_category (id, create_date, modify_date, orders, grade, name, seo_description, seo_keywords, seo_title, tree_path, parent) values(2, '${date?string("yyyy-MM-dd HH:mm:ss")}', '${date?string("yyyy-MM-dd HH:mm:ss")}', 2, 0, '精品男装', NULL, NULL, NULL, ',', NULL)
insert into xx_product_category (id, create_date, modify_date, orders, grade, name, seo_description, seo_keywords, seo_title, tree_path, parent) values(3, '${date?string("yyyy-MM-dd HH:mm:ss")}', '${date?string("yyyy-MM-dd HH:mm:ss")}', 3, 0, '精致内衣', NULL, NULL, NULL, ',', NULL)
insert into xx_product_category (id, create_date, modify_date, orders, grade, name, seo_description, seo_keywords, seo_title, tree_path, parent) values(4, '${date?string("yyyy-MM-dd HH:mm:ss")}', '${date?string("yyyy-MM-dd HH:mm:ss")}', 4, 0, '服饰配件', NULL, NULL, NULL, ',', NULL)
insert into xx_product_category (id, create_date, modify_date, orders, grade, name, seo_description, seo_keywords, seo_title, tree_path, parent) values(5, '${date?string("yyyy-MM-dd HH:mm:ss")}', '${date?string("yyyy-MM-dd HH:mm:ss")}', 5, 0, '时尚女鞋', NULL, NULL, NULL, ',', NULL)
insert into xx_product_category (id, create_date, modify_date, orders, grade, name, seo_description, seo_keywords, seo_title, tree_path, parent) values(6, '${date?string("yyyy-MM-dd HH:mm:ss")}', '${date?string("yyyy-MM-dd HH:mm:ss")}', 6, 0, '流行男鞋', NULL, NULL, NULL, ',', NULL)
insert into xx_product_category (id, create_date, modify_date, orders, grade, name, seo_description, seo_keywords, seo_title, tree_path, parent) values(7, '${date?string("yyyy-MM-dd HH:mm:ss")}', '${date?string("yyyy-MM-dd HH:mm:ss")}', 7, 0, '潮流女包', NULL, NULL, NULL, ',', NULL)
insert into xx_product_category (id, create_date, modify_date, orders, grade, name, seo_description, seo_keywords, seo_title, tree_path, parent) values(8, '${date?string("yyyy-MM-dd HH:mm:ss")}', '${date?string("yyyy-MM-dd HH:mm:ss")}', 8, 0, '精品男包', NULL, NULL, NULL, ',', NULL)
insert into xx_product_category (id, create_date, modify_date, orders, grade, name, seo_description, seo_keywords, seo_title, tree_path, parent) values(9, '${date?string("yyyy-MM-dd HH:mm:ss")}', '${date?string("yyyy-MM-dd HH:mm:ss")}', 9, 0, '童装童鞋', NULL, NULL, NULL, ',', NULL)
insert into xx_product_category (id, create_date, modify_date, orders, grade, name, seo_description, seo_keywords, seo_title, tree_path, parent) values(10, '${date?string("yyyy-MM-dd HH:mm:ss")}', '${date?string("yyyy-MM-dd HH:mm:ss")}', 10, 0, '时尚饰品', NULL, NULL, NULL, ',', NULL)
insert into xx_product_category (id, create_date, modify_date, orders, grade, name, seo_description, seo_keywords, seo_title, tree_path, parent) values(11, '${date?string("yyyy-MM-dd HH:mm:ss")}', '${date?string("yyyy-MM-dd HH:mm:ss")}', 1, 1, '连衣裙', NULL, NULL, NULL, ',1,', 1)
insert into xx_product_category (id, create_date, modify_date, orders, grade, name, seo_description, seo_keywords, seo_title, tree_path, parent) values(12, '${date?string("yyyy-MM-dd HH:mm:ss")}', '${date?string("yyyy-MM-dd HH:mm:ss")}', 2, 1, '针织衫', NULL, NULL, NULL, ',1,', 1)
insert into xx_product_category (id, create_date, modify_date, orders, grade, name, seo_description, seo_keywords, seo_title, tree_path, parent) values(13, '${date?string("yyyy-MM-dd HH:mm:ss")}', '${date?string("yyyy-MM-dd HH:mm:ss")}', 3, 1, '短外套', NULL, NULL, NULL, ',1,', 1)
insert into xx_product_category (id, create_date, modify_date, orders, grade, name, seo_description, seo_keywords, seo_title, tree_path, parent) values(14, '${date?string("yyyy-MM-dd HH:mm:ss")}', '${date?string("yyyy-MM-dd HH:mm:ss")}', 4, 1, '小西装', NULL, NULL, NULL, ',1,', 1)
insert into xx_product_category (id, create_date, modify_date, orders, grade, name, seo_description, seo_keywords, seo_title, tree_path, parent) values(15, '${date?string("yyyy-MM-dd HH:mm:ss")}', '${date?string("yyyy-MM-dd HH:mm:ss")}', 5, 1, '牛仔裤', NULL, NULL, NULL, ',1,', 1)
insert into xx_product_category (id, create_date, modify_date, orders, grade, name, seo_description, seo_keywords, seo_title, tree_path, parent) values(16, '${date?string("yyyy-MM-dd HH:mm:ss")}', '${date?string("yyyy-MM-dd HH:mm:ss")}', 6, 1, 'T恤', NULL, NULL, NULL, ',1,', 1)
insert into xx_product_category (id, create_date, modify_date, orders, grade, name, seo_description, seo_keywords, seo_title, tree_path, parent) values(17, '${date?string("yyyy-MM-dd HH:mm:ss")}', '${date?string("yyyy-MM-dd HH:mm:ss")}', 7, 1, '衬衫', NULL, NULL, NULL, ',1,', 1)
insert into xx_product_category (id, create_date, modify_date, orders, grade, name, seo_description, seo_keywords, seo_title, tree_path, parent) values(18, '${date?string("yyyy-MM-dd HH:mm:ss")}', '${date?string("yyyy-MM-dd HH:mm:ss")}', 8, 1, '风衣', NULL, NULL, NULL, ',1,', 1)
insert into xx_product_category (id, create_date, modify_date, orders, grade, name, seo_description, seo_keywords, seo_title, tree_path, parent) values(19, '${date?string("yyyy-MM-dd HH:mm:ss")}', '${date?string("yyyy-MM-dd HH:mm:ss")}', 9, 1, '卫衣', NULL, NULL, NULL, ',1,', 1)
insert into xx_product_category (id, create_date, modify_date, orders, grade, name, seo_description, seo_keywords, seo_title, tree_path, parent) values(20, '${date?string("yyyy-MM-dd HH:mm:ss")}', '${date?string("yyyy-MM-dd HH:mm:ss")}', 10, 1, '裤子', NULL, NULL, NULL, ',1,', 1)
insert into xx_product_category (id, create_date, modify_date, orders, grade, name, seo_description, seo_keywords, seo_title, tree_path, parent) values(21, '${date?string("yyyy-MM-dd HH:mm:ss")}', '${date?string("yyyy-MM-dd HH:mm:ss")}', 1, 1, '针织衫', NULL, NULL, NULL, ',2,', 2)
insert into xx_product_category (id, create_date, modify_date, orders, grade, name, seo_description, seo_keywords, seo_title, tree_path, parent) values(22, '${date?string("yyyy-MM-dd HH:mm:ss")}', '${date?string("yyyy-MM-dd HH:mm:ss")}', 2, 1, 'POLO衫', NULL, NULL, NULL, ',2,', 2)
insert into xx_product_category (id, create_date, modify_date, orders, grade, name, seo_description, seo_keywords, seo_title, tree_path, parent) values(23, '${date?string("yyyy-MM-dd HH:mm:ss")}', '${date?string("yyyy-MM-dd HH:mm:ss")}', 3, 1, '休闲裤', NULL, NULL, NULL, ',2,', 2)
insert into xx_product_category (id, create_date, modify_date, orders, grade, name, seo_description, seo_keywords, seo_title, tree_path, parent) values(24, '${date?string("yyyy-MM-dd HH:mm:ss")}', '${date?string("yyyy-MM-dd HH:mm:ss")}', 4, 1, '牛仔裤', NULL, NULL, NULL, ',2,', 2)
insert into xx_product_category (id, create_date, modify_date, orders, grade, name, seo_description, seo_keywords, seo_title, tree_path, parent) values(25, '${date?string("yyyy-MM-dd HH:mm:ss")}', '${date?string("yyyy-MM-dd HH:mm:ss")}', 5, 1, 'T恤', NULL, NULL, NULL, ',2,', 2)
insert into xx_product_category (id, create_date, modify_date, orders, grade, name, seo_description, seo_keywords, seo_title, tree_path, parent) values(26, '${date?string("yyyy-MM-dd HH:mm:ss")}', '${date?string("yyyy-MM-dd HH:mm:ss")}', 6, 1, '衬衫', NULL, NULL, NULL, ',2,', 2)
insert into xx_product_category (id, create_date, modify_date, orders, grade, name, seo_description, seo_keywords, seo_title, tree_path, parent) values(27, '${date?string("yyyy-MM-dd HH:mm:ss")}', '${date?string("yyyy-MM-dd HH:mm:ss")}', 7, 1, '西服', NULL, NULL, NULL, ',2,', 2)
insert into xx_product_category (id, create_date, modify_date, orders, grade, name, seo_description, seo_keywords, seo_title, tree_path, parent) values(28, '${date?string("yyyy-MM-dd HH:mm:ss")}', '${date?string("yyyy-MM-dd HH:mm:ss")}', 8, 1, '西裤', NULL, NULL, NULL, ',2,', 2)
insert into xx_product_category (id, create_date, modify_date, orders, grade, name, seo_description, seo_keywords, seo_title, tree_path, parent) values(29, '${date?string("yyyy-MM-dd HH:mm:ss")}', '${date?string("yyyy-MM-dd HH:mm:ss")}', 9, 1, '风衣', NULL, NULL, NULL, ',2,', 2)
insert into xx_product_category (id, create_date, modify_date, orders, grade, name, seo_description, seo_keywords, seo_title, tree_path, parent) values(30, '${date?string("yyyy-MM-dd HH:mm:ss")}', '${date?string("yyyy-MM-dd HH:mm:ss")}', 10, 1, '卫衣', NULL, NULL, NULL, ',2,', 2)
insert into xx_product_category (id, create_date, modify_date, orders, grade, name, seo_description, seo_keywords, seo_title, tree_path, parent) values(31, '${date?string("yyyy-MM-dd HH:mm:ss")}', '${date?string("yyyy-MM-dd HH:mm:ss")}', 1, 1, '女式内裤', NULL, NULL, NULL, ',3,', 3)
insert into xx_product_category (id, create_date, modify_date, orders, grade, name, seo_description, seo_keywords, seo_title, tree_path, parent) values(32, '${date?string("yyyy-MM-dd HH:mm:ss")}', '${date?string("yyyy-MM-dd HH:mm:ss")}', 2, 1, '男式内裤', NULL, NULL, NULL, ',3,', 3)
insert into xx_product_category (id, create_date, modify_date, orders, grade, name, seo_description, seo_keywords, seo_title, tree_path, parent) values(33, '${date?string("yyyy-MM-dd HH:mm:ss")}', '${date?string("yyyy-MM-dd HH:mm:ss")}', 3, 1, '保暖内衣', NULL, NULL, NULL, ',3,', 3)
insert into xx_product_category (id, create_date, modify_date, orders, grade, name, seo_description, seo_keywords, seo_title, tree_path, parent) values(34, '${date?string("yyyy-MM-dd HH:mm:ss")}', '${date?string("yyyy-MM-dd HH:mm:ss")}', 4, 1, '塑身衣', NULL, NULL, NULL, ',3,', 3)
insert into xx_product_category (id, create_date, modify_date, orders, grade, name, seo_description, seo_keywords, seo_title, tree_path, parent) values(35, '${date?string("yyyy-MM-dd HH:mm:ss")}', '${date?string("yyyy-MM-dd HH:mm:ss")}', 5, 1, '连裤袜', NULL, NULL, NULL, ',3,', 3)
insert into xx_product_category (id, create_date, modify_date, orders, grade, name, seo_description, seo_keywords, seo_title, tree_path, parent) values(36, '${date?string("yyyy-MM-dd HH:mm:ss")}', '${date?string("yyyy-MM-dd HH:mm:ss")}', 6, 1, '打底袜', NULL, NULL, NULL, ',3,', 3)
insert into xx_product_category (id, create_date, modify_date, orders, grade, name, seo_description, seo_keywords, seo_title, tree_path, parent) values(37, '${date?string("yyyy-MM-dd HH:mm:ss")}', '${date?string("yyyy-MM-dd HH:mm:ss")}', 7, 1, '文胸', NULL, NULL, NULL, ',3,', 3)
insert into xx_product_category (id, create_date, modify_date, orders, grade, name, seo_description, seo_keywords, seo_title, tree_path, parent) values(38, '${date?string("yyyy-MM-dd HH:mm:ss")}', '${date?string("yyyy-MM-dd HH:mm:ss")}', 8, 1, '睡衣', NULL, NULL, NULL, ',3,', 3)
insert into xx_product_category (id, create_date, modify_date, orders, grade, name, seo_description, seo_keywords, seo_title, tree_path, parent) values(39, '${date?string("yyyy-MM-dd HH:mm:ss")}', '${date?string("yyyy-MM-dd HH:mm:ss")}', 9, 1, '泳装', NULL, NULL, NULL, ',3,', 3)
insert into xx_product_category (id, create_date, modify_date, orders, grade, name, seo_description, seo_keywords, seo_title, tree_path, parent) values(40, '${date?string("yyyy-MM-dd HH:mm:ss")}', '${date?string("yyyy-MM-dd HH:mm:ss")}', 10, 1, '浴袍', NULL, NULL, NULL, ',3,', 3)
insert into xx_product_category (id, create_date, modify_date, orders, grade, name, seo_description, seo_keywords, seo_title, tree_path, parent) values(41, '${date?string("yyyy-MM-dd HH:mm:ss")}', '${date?string("yyyy-MM-dd HH:mm:ss")}', 1, 1, '女士腰带', NULL, NULL, NULL, ',4,', 4)
insert into xx_product_category (id, create_date, modify_date, orders, grade, name, seo_description, seo_keywords, seo_title, tree_path, parent) values(42, '${date?string("yyyy-MM-dd HH:mm:ss")}', '${date?string("yyyy-MM-dd HH:mm:ss")}', 2, 1, '男士皮带', NULL, NULL, NULL, ',4,', 4)
insert into xx_product_category (id, create_date, modify_date, orders, grade, name, seo_description, seo_keywords, seo_title, tree_path, parent) values(43, '${date?string("yyyy-MM-dd HH:mm:ss")}', '${date?string("yyyy-MM-dd HH:mm:ss")}', 3, 1, '女士围巾', NULL, NULL, NULL, ',4,', 4)
insert into xx_product_category (id, create_date, modify_date, orders, grade, name, seo_description, seo_keywords, seo_title, tree_path, parent) values(44, '${date?string("yyyy-MM-dd HH:mm:ss")}', '${date?string("yyyy-MM-dd HH:mm:ss")}', 4, 1, '男士围巾', NULL, NULL, NULL, ',4,', 4)
insert into xx_product_category (id, create_date, modify_date, orders, grade, name, seo_description, seo_keywords, seo_title, tree_path, parent) values(45, '${date?string("yyyy-MM-dd HH:mm:ss")}', '${date?string("yyyy-MM-dd HH:mm:ss")}', 5, 1, '帽子', NULL, NULL, NULL, ',4,', 4)
insert into xx_product_category (id, create_date, modify_date, orders, grade, name, seo_description, seo_keywords, seo_title, tree_path, parent) values(46, '${date?string("yyyy-MM-dd HH:mm:ss")}', '${date?string("yyyy-MM-dd HH:mm:ss")}', 6, 1, '手套', NULL, NULL, NULL, ',4,', 4)
insert into xx_product_category (id, create_date, modify_date, orders, grade, name, seo_description, seo_keywords, seo_title, tree_path, parent) values(47, '${date?string("yyyy-MM-dd HH:mm:ss")}', '${date?string("yyyy-MM-dd HH:mm:ss")}', 7, 1, '领带', NULL, NULL, NULL, ',4,', 4)
insert into xx_product_category (id, create_date, modify_date, orders, grade, name, seo_description, seo_keywords, seo_title, tree_path, parent) values(48, '${date?string("yyyy-MM-dd HH:mm:ss")}', '${date?string("yyyy-MM-dd HH:mm:ss")}', 8, 1, '领结', NULL, NULL, NULL, ',4,', 4)
insert into xx_product_category (id, create_date, modify_date, orders, grade, name, seo_description, seo_keywords, seo_title, tree_path, parent) values(49, '${date?string("yyyy-MM-dd HH:mm:ss")}', '${date?string("yyyy-MM-dd HH:mm:ss")}', 9, 1, '发饰', NULL, NULL, NULL, ',4,', 4)
insert into xx_product_category (id, create_date, modify_date, orders, grade, name, seo_description, seo_keywords, seo_title, tree_path, parent) values(50, '${date?string("yyyy-MM-dd HH:mm:ss")}', '${date?string("yyyy-MM-dd HH:mm:ss")}', 10, 1, '袖扣', NULL, NULL, NULL, ',4,', 4)
insert into xx_product_category (id, create_date, modify_date, orders, grade, name, seo_description, seo_keywords, seo_title, tree_path, parent) values(51, '${date?string("yyyy-MM-dd HH:mm:ss")}', '${date?string("yyyy-MM-dd HH:mm:ss")}', 1, 1, '高帮鞋', NULL, NULL, NULL, ',5,', 5)
insert into xx_product_category (id, create_date, modify_date, orders, grade, name, seo_description, seo_keywords, seo_title, tree_path, parent) values(52, '${date?string("yyyy-MM-dd HH:mm:ss")}', '${date?string("yyyy-MM-dd HH:mm:ss")}', 2, 1, '雪地靴', NULL, NULL, NULL, ',5,', 5)
insert into xx_product_category (id, create_date, modify_date, orders, grade, name, seo_description, seo_keywords, seo_title, tree_path, parent) values(53, '${date?string("yyyy-MM-dd HH:mm:ss")}', '${date?string("yyyy-MM-dd HH:mm:ss")}', 3, 1, '中筒靴', NULL, NULL, NULL, ',5,', 5)
insert into xx_product_category (id, create_date, modify_date, orders, grade, name, seo_description, seo_keywords, seo_title, tree_path, parent) values(54, '${date?string("yyyy-MM-dd HH:mm:ss")}', '${date?string("yyyy-MM-dd HH:mm:ss")}', 4, 1, '单鞋', NULL, NULL, NULL, ',5,', 5)
insert into xx_product_category (id, create_date, modify_date, orders, grade, name, seo_description, seo_keywords, seo_title, tree_path, parent) values(55, '${date?string("yyyy-MM-dd HH:mm:ss")}', '${date?string("yyyy-MM-dd HH:mm:ss")}', 5, 1, '凉鞋', NULL, NULL, NULL, ',5,', 5)
insert into xx_product_category (id, create_date, modify_date, orders, grade, name, seo_description, seo_keywords, seo_title, tree_path, parent) values(56, '${date?string("yyyy-MM-dd HH:mm:ss")}', '${date?string("yyyy-MM-dd HH:mm:ss")}', 6, 1, '靴子', NULL, NULL, NULL, ',5,', 5)
insert into xx_product_category (id, create_date, modify_date, orders, grade, name, seo_description, seo_keywords, seo_title, tree_path, parent) values(57, '${date?string("yyyy-MM-dd HH:mm:ss")}', '${date?string("yyyy-MM-dd HH:mm:ss")}', 7, 1, '短靴', NULL, NULL, NULL, ',5,', 5)
insert into xx_product_category (id, create_date, modify_date, orders, grade, name, seo_description, seo_keywords, seo_title, tree_path, parent) values(58, '${date?string("yyyy-MM-dd HH:mm:ss")}', '${date?string("yyyy-MM-dd HH:mm:ss")}', 8, 1, '雨靴', NULL, NULL, NULL, ',5,', 5)
insert into xx_product_category (id, create_date, modify_date, orders, grade, name, seo_description, seo_keywords, seo_title, tree_path, parent) values(59, '${date?string("yyyy-MM-dd HH:mm:ss")}', '${date?string("yyyy-MM-dd HH:mm:ss")}', 1, 1, '低帮鞋', NULL, NULL, NULL, ',6,', 6)
insert into xx_product_category (id, create_date, modify_date, orders, grade, name, seo_description, seo_keywords, seo_title, tree_path, parent) values(60, '${date?string("yyyy-MM-dd HH:mm:ss")}', '${date?string("yyyy-MM-dd HH:mm:ss")}', 2, 1, '高帮鞋', NULL, NULL, NULL, ',6,', 6)
insert into xx_product_category (id, create_date, modify_date, orders, grade, name, seo_description, seo_keywords, seo_title, tree_path, parent) values(61, '${date?string("yyyy-MM-dd HH:mm:ss")}', '${date?string("yyyy-MM-dd HH:mm:ss")}', 3, 1, '休闲鞋', NULL, NULL, NULL, ',6,', 6)
insert into xx_product_category (id, create_date, modify_date, orders, grade, name, seo_description, seo_keywords, seo_title, tree_path, parent) values(62, '${date?string("yyyy-MM-dd HH:mm:ss")}', '${date?string("yyyy-MM-dd HH:mm:ss")}', 4, 1, '正装鞋', NULL, NULL, NULL, ',6,', 6)
insert into xx_product_category (id, create_date, modify_date, orders, grade, name, seo_description, seo_keywords, seo_title, tree_path, parent) values(63, '${date?string("yyyy-MM-dd HH:mm:ss")}', '${date?string("yyyy-MM-dd HH:mm:ss")}', 1, 1, '单肩包', NULL, NULL, NULL, ',7,', 7)
insert into xx_product_category (id, create_date, modify_date, orders, grade, name, seo_description, seo_keywords, seo_title, tree_path, parent) values(64, '${date?string("yyyy-MM-dd HH:mm:ss")}', '${date?string("yyyy-MM-dd HH:mm:ss")}', 2, 1, '双肩包', NULL, NULL, NULL, ',7,', 7)
insert into xx_product_category (id, create_date, modify_date, orders, grade, name, seo_description, seo_keywords, seo_title, tree_path, parent) values(65, '${date?string("yyyy-MM-dd HH:mm:ss")}', '${date?string("yyyy-MM-dd HH:mm:ss")}', 3, 1, '手提包', NULL, NULL, NULL, ',7,', 7)
insert into xx_product_category (id, create_date, modify_date, orders, grade, name, seo_description, seo_keywords, seo_title, tree_path, parent) values(66, '${date?string("yyyy-MM-dd HH:mm:ss")}', '${date?string("yyyy-MM-dd HH:mm:ss")}', 4, 1, '手拿包', NULL, NULL, NULL, ',7,', 7)
insert into xx_product_category (id, create_date, modify_date, orders, grade, name, seo_description, seo_keywords, seo_title, tree_path, parent) values(67, '${date?string("yyyy-MM-dd HH:mm:ss")}', '${date?string("yyyy-MM-dd HH:mm:ss")}', 1, 1, '单肩男', NULL, NULL, NULL, ',8,', 8)
insert into xx_product_category (id, create_date, modify_date, orders, grade, name, seo_description, seo_keywords, seo_title, tree_path, parent) values(68, '${date?string("yyyy-MM-dd HH:mm:ss")}', '${date?string("yyyy-MM-dd HH:mm:ss")}', 2, 1, '双肩包', NULL, NULL, NULL, ',8,', 8)
insert into xx_product_category (id, create_date, modify_date, orders, grade, name, seo_description, seo_keywords, seo_title, tree_path, parent) values(69, '${date?string("yyyy-MM-dd HH:mm:ss")}', '${date?string("yyyy-MM-dd HH:mm:ss")}', 3, 1, '手提包', NULL, NULL, NULL, ',8,', 8)
insert into xx_product_category (id, create_date, modify_date, orders, grade, name, seo_description, seo_keywords, seo_title, tree_path, parent) values(70, '${date?string("yyyy-MM-dd HH:mm:ss")}', '${date?string("yyyy-MM-dd HH:mm:ss")}', 4, 1, '手拿包', NULL, NULL, NULL, ',8,', 8)
insert into xx_product_category (id, create_date, modify_date, orders, grade, name, seo_description, seo_keywords, seo_title, tree_path, parent) values(71, '${date?string("yyyy-MM-dd HH:mm:ss")}', '${date?string("yyyy-MM-dd HH:mm:ss")}', 1, 1, '运动鞋', NULL, NULL, NULL, ',9,', 9)
insert into xx_product_category (id, create_date, modify_date, orders, grade, name, seo_description, seo_keywords, seo_title, tree_path, parent) values(72, '${date?string("yyyy-MM-dd HH:mm:ss")}', '${date?string("yyyy-MM-dd HH:mm:ss")}', 2, 1, '牛仔裤', NULL, NULL, NULL, ',9,', 9)
insert into xx_product_category (id, create_date, modify_date, orders, grade, name, seo_description, seo_keywords, seo_title, tree_path, parent) values(73, '${date?string("yyyy-MM-dd HH:mm:ss")}', '${date?string("yyyy-MM-dd HH:mm:ss")}', 3, 1, '套装', NULL, NULL, NULL, ',9,', 9)
insert into xx_product_category (id, create_date, modify_date, orders, grade, name, seo_description, seo_keywords, seo_title, tree_path, parent) values(74, '${date?string("yyyy-MM-dd HH:mm:ss")}', '${date?string("yyyy-MM-dd HH:mm:ss")}', 4, 1, '裤子', NULL, NULL, NULL, ',9,', 9)
insert into xx_product_category (id, create_date, modify_date, orders, grade, name, seo_description, seo_keywords, seo_title, tree_path, parent) values(75, '${date?string("yyyy-MM-dd HH:mm:ss")}', '${date?string("yyyy-MM-dd HH:mm:ss")}', 1, 1, '项链', NULL, NULL, NULL, ',10,', 10)
insert into xx_product_category (id, create_date, modify_date, orders, grade, name, seo_description, seo_keywords, seo_title, tree_path, parent) values(76, '${date?string("yyyy-MM-dd HH:mm:ss")}', '${date?string("yyyy-MM-dd HH:mm:ss")}', 2, 1, '手链', NULL, NULL, NULL, ',10,', 10)
insert into xx_product_category (id, create_date, modify_date, orders, grade, name, seo_description, seo_keywords, seo_title, tree_path, parent) values(77, '${date?string("yyyy-MM-dd HH:mm:ss")}', '${date?string("yyyy-MM-dd HH:mm:ss")}', 3, 1, '戒指', NULL, NULL, NULL, ',10,', 10)
insert into xx_product_category (id, create_date, modify_date, orders, grade, name, seo_description, seo_keywords, seo_title, tree_path, parent) values(78, '${date?string("yyyy-MM-dd HH:mm:ss")}', '${date?string("yyyy-MM-dd HH:mm:ss")}', 4, 1, '耳饰', NULL, NULL, NULL, ',10,', 10)

insert into xx_brand (id, create_date, modify_date, orders, introduction, logo, name, type, url) values(1, '${date?string("yyyy-MM-dd HH:mm:ss")}', '${date?string("yyyy-MM-dd HH:mm:ss")}', 1, '<img src="${demoImageUrl}/201301/32937deb-f9c7-4baf-87ec-9d7c140e6f56.jpg" />', '${demoImageUrl}/brand/vimly.gif', '梵希蔓', 1, NULL)
insert into xx_brand (id, create_date, modify_date, orders, introduction, logo, name, type, url) values(2, '${date?string("yyyy-MM-dd HH:mm:ss")}', '${date?string("yyyy-MM-dd HH:mm:ss")}', 2, '<img src="${demoImageUrl}/201301/4a43f5da-bd99-4e73-8a45-c3cf97df5bc1.jpg" />', '${demoImageUrl}/brand/eifini.gif', '伊芙丽', 1, 'http://www.eifini.com')
insert into xx_brand (id, create_date, modify_date, orders, introduction, logo, name, type, url) values(3, '${date?string("yyyy-MM-dd HH:mm:ss")}', '${date?string("yyyy-MM-dd HH:mm:ss")}', 3, '<img src="${demoImageUrl}/201301/393335cd-fa85-4697-9a35-be7920533923.jpg" />', '${demoImageUrl}/brand/sentubila.gif', '尚都比拉', 1, 'http://www.shangdubila.net')
insert into xx_brand (id, create_date, modify_date, orders, introduction, logo, name, type, url) values(4, '${date?string("yyyy-MM-dd HH:mm:ss")}', '${date?string("yyyy-MM-dd HH:mm:ss")}', 4, '森马，国内休闲服行业迅速崛起的领军品牌。森马集团有限公司以“创大众服饰名牌”为发展宗旨，积极推行特许经营发展模式，休闲装和童装品牌连锁网点遍布全国二十九个省、市、自治区、直辖市，形成了完整的市场网络格局。集团公司现有休闲装 “semir”及童装“balabala”等两个知名服装品牌。森马集团有限公司于1996年12月18日创立于浙江省温州市，是一家以虚拟经营模式为特色，以系列休闲服饰为主导产业的无区域集团。公司注册资本为人民币2.38亿元，总资产达10多亿元，是温州市大企业大集团之一。', '${demoImageUrl}/brand/semir.gif', '森马', 1, 'http://www.semir.com')
insert into xx_brand (id, create_date, modify_date, orders, introduction, logo, name, type, url) values(5, '${date?string("yyyy-MM-dd HH:mm:ss")}', '${date?string("yyyy-MM-dd HH:mm:ss")}', 5, '<img src="${demoImageUrl}/201301/84a3cc7a-c43b-4efc-8ed1-ba104cfb9a62.jpg" />', '${demoImageUrl}/brand/yishion.gif', '以纯', 1, 'http://www.yishion.com.cn')
insert into xx_brand (id, create_date, modify_date, orders, introduction, logo, name, type, url) values(6, '${date?string("yyyy-MM-dd HH:mm:ss")}', '${date?string("yyyy-MM-dd HH:mm:ss")}', 6, '李宁公司是中国家喻户晓的“体操王子”李宁先生在1990年创立的体育用品公司。经过二十多年的探索，李宁公司已逐步成为代表中国的、国际领先的运动品牌公司。从成立初期率先在全国建立特许专卖营销体系到持续多年赞助中国体育代表团参加国内外各种赛事；从成为国内第一家实施ERP的体育用品企业到不断进行品牌定位的调整，再到2004年6月在香港的上市，李宁公司经历了中国民族企业的发展与繁荣。<br />\r\n李宁公司拥有品牌营销、研发、设计、制造、经销及零售能力，产品主要包括自有李宁品牌生产的运动及休闲鞋类、服装、器材和配件产品。主要采用外包生产和特许分销商模式，在中国已经建立庞大的供应链管理体系以及分销和零售网络，截止2011年末，李宁品牌店铺在中国境内总数达到8255间，并且在东南亚、中亚、欧洲等地区开拓业务。<br />\r\n李宁公司还采取多品牌业务发展的策略，在聚焦自有核心李宁品牌的同时，还(i)与Aigle International S.A成立合资经营，并获授予专营权在中国生产、推广、分销及销售法国AIGLE（艾高）品牌户外运动用品；(ii)透过附属公司从事生产、研发、推广及销售红双喜品牌乒乓球及其它体育器材；(iii)获Lotto Sport Italia S.p.A旗下公司授予独家特许权，在中国开发、制造、推广、分销及销售意大利运动时尚Lotto（乐途）品牌特许产品；及(iv)从事Kason（凯胜）品牌羽毛球专业产品的研发、制造及销售。<br />\r\n创新是李宁品牌发展的根本。李宁公司自成立之初就非常重视原创设计。1998年建立了中国第一家服装与鞋产品设计开发中心，率先成为自主开发的中国体育用品公司。2004年8月，香港设计研发中心成立，集中负责设计李宁品牌服装产品。并且与国内外各大知名高校和研究机构保持密切合作。<br />', '${demoImageUrl}/brand/lining.gif', '李宁', 1, 'http://www.li-ning.com.cn')
insert into xx_brand (id, create_date, modify_date, orders, introduction, logo, name, type, url) values(7, '${date?string("yyyy-MM-dd HH:mm:ss")}', '${date?string("yyyy-MM-dd HH:mm:ss")}', 7, '耐克是全球著名的体育用品制造商，总部位于美国俄勒冈州，生产的体育用品包罗万象：服装、鞋类、运动器材等。<br />\r\n耐克一直将激励全世界的每一位运动员并为其献上最好的产品视为光荣的任务。耐克的语言就是运动的语言。耐克公司投入了大量的人力、物力用于新产品的开发和研制。耐克首创的气垫技术给体育界带来了一场革命。运用这项技术制造出的运动鞋可以很好地保护运动员的脚踝，防止其在作剧烈运动时扭伤。<br />\r\n耐克 (Nike) 被誉为是“近20年世界新创建的最成功的消费品公司”。耐克 (Nike) 运动鞋除了强化高科技运动性能，如今更讲究时尚的外形设计，频频与各国各界潮流达人合作推出联名限量版。2009年初陈冠希的Clot品牌与耐克 (Nike) 的联名新款红色中国鞋 Clot×Nike AIR FORCE 1 在上海一上市，即成为疯抢对象。在美国，有高达七成的青少年的梦想是有一双耐克 (Nike) 鞋。<br />', '${demoImageUrl}/brand/nike.gif', '耐克', 1, 'http://www.nike.com')
insert into xx_brand (id, create_date, modify_date, orders, introduction, logo, name, type, url) values(8, '${date?string("yyyy-MM-dd HH:mm:ss")}', '${date?string("yyyy-MM-dd HH:mm:ss")}', 8, '阿迪达斯的目标是协调与员工的私人和家庭需要的阿迪达斯集团的商业利益。提出工作与生活平衡方案：面向家庭的服务，灵活的工作时间和地点，人的发展和领导能力相关的工作与生活的平衡。<br />\r\n阿迪达斯目前分为三个系列，分别为：运动表现系列（三条纹LOGO）、运动传统系列（三叶草LOGO)、运动时尚系列(球状内含三条纹LOGO)。<br />\r\n运动表现系列专门致力于大众体育运动事业，其定位是大众化的运动风潮，采用阿迪三条纹LOGO，价格较易大众所接受。<br />\r\n运动传统系列是阿迪达斯的经典系列，其定位是复古经典风潮，较之运动表现系列更为时尚、高端一些。运动传统系列采用阿迪三叶草LOGO（也是阿迪较早之前的LOGO），因该系列推出的多为限量产品所以价格较易为中高收入人群所接受。<br />', '${demoImageUrl}/brand/adidas.gif', '阿迪达斯', 1, 'http://www.adidas.com')
insert into xx_brand (id, create_date, modify_date, orders, introduction, logo, name, type, url) values(9, '${date?string("yyyy-MM-dd HH:mm:ss")}', '${date?string("yyyy-MM-dd HH:mm:ss")}', 9, 'Jack &amp; Jones是针对年龄在18岁到30岁之间的喜欢穿着随意、流行和时尚的男士们设计的。Jack &amp; Jones的设计迎合了国际大都市男士的生活品位，他们喜欢一种独特、轮廓鲜明而朴实的风格，同时采用高品质、时兴和新颖的面料制作的服装。<br />\r\nJack &amp; Jones品牌诞生于1975年，以其简洁纯粹的风格吸引全球追求时尚男性的目光，代表了欧洲时尚潮流的男装品牌，同时也是都市风格服装的典范品牌。<br />\r\nJack &amp; Jones是时尚男装里非常流行的品牌，与女装的ONLY、VERO MODA和男装SELECTED同属丹麦的BESTSELLER公司。他们经营各种男装，有休闲，正装等，还有各种配饰。<br />\r\n杰克琼斯(Jack &amp; Jones) 男装是设计给机敏，明智，受过良好教育，热衷社会活动的都市轻熟男。穿着杰克琼斯(Jack &amp; Jones) 的男人是对现代服装有着自己独特的感受，同时关注国际时装市场趋势的现代人。<br />', '${demoImageUrl}/brand/jackjones.gif', 'Jack Jones', 1, 'http://www.jackjones.com')
insert into xx_brand (id, create_date, modify_date, orders, introduction, logo, name, type, url) values(10, '${date?string("yyyy-MM-dd HH:mm:ss")}', '${date?string("yyyy-MM-dd HH:mm:ss")}', 10, '七匹狼男装是中国男装行业开创性品牌，始终致力于为消费者提供满足现代多元化生活需求的高品质服装产品。“男人不只一面”，七匹狼以“品格男装”突显国际化品质和中西兼容的文化格调，以时尚传承经典，以中国面向世界。', '${demoImageUrl}/brand/septwolves.gif', '七匹狼', 1, 'http://www.septwolves.com')
insert into xx_brand (id, create_date, modify_date, orders, introduction, logo, name, type, url) values(11, '${date?string("yyyy-MM-dd HH:mm:ss")}', '${date?string("yyyy-MM-dd HH:mm:ss")}', 11, '恒源祥，创立于1927年的中国上海，产品涵盖绒线、针织、服饰、家纺等大类，绒线、羊毛衫综合销量常年保持同行业第一。<br />\r\n恒源祥既是中国进入市场经济后最早实施品牌运营的企业（1991年），又是中国最早进行特许经营的企业（1999年）。目前拥有98家加盟工厂，400多家加盟销售商、分销商以及5000多个加盟销售网点。中国省级市场销售网点涵盖率为100%，地、市级市场网点覆盖率超过90%，县级市场网点覆盖率超过60%。<br />\r\n品牌经营20年以来，恒源祥品牌获得了巨大的发展，品牌的价值得到了显著的提升。1999年，恒源祥获得“中国驰名商标”称号；2006年，在中国最有价值的100个老字号中，恒源祥位居第二；同年，恒源祥荣膺行业首家全国质量奖；2007年，由世界品牌实验室发布的中国500最具价值品牌排行榜中，恒源祥位列64位，品牌价值94.58亿元；2008年，恒源祥进入“亚洲品牌500强”，位列336位；2010年恒源祥再次入选《亚洲品牌500强》，排名跃升为203位。恒源祥集团做了大量的社会责任工作，所有的活动都是围绕着我们是国家的一员、我们是社会的一员，为社会创造价值为基本出发点，是恒源祥集团勇于承担社会责任的具体表现。未来，我们还将坚定不移地践行使命、精神、价值观，勇于承担社会责任，向成为历史的一部分的目的而持续奋斗。<br />', '${demoImageUrl}/brand/hengyuanxiang.gif', '恒源祥', 1, 'http://www.g8888.com')
insert into xx_brand (id, create_date, modify_date, orders, introduction, logo, name, type, url) values(12, '${date?string("yyyy-MM-dd HH:mm:ss")}', '${date?string("yyyy-MM-dd HH:mm:ss")}', 12, '圣得西（集团）有限公司始创于1989年，公司主要从事西服、西裤、休闲上衣、茄克、T恤、休闲裤、毛衫、衬衣、皮具等男士正装和商务休闲系列化产品的开发、生产和销售，目前拥有“圣得西”、“圣奥威斯”等品牌。公司先后在巴黎、上海建立研发设计中心，引进意大利、日本、德国等国家20余条顶级生产线，聚结世界前沿的服装技术，为中国男士量身打造优雅、舒展的圣得西。历年来，圣得西以其款式新颖、面料精美、工艺精湛而著称，是目前国内高级男士正装和休闲装的代表。', '${demoImageUrl}/brand/sundance.gif', '圣得西', 1, 'http://www.sundance.com.cn')
insert into xx_brand (id, create_date, modify_date, orders, introduction, logo, name, type, url) values(13, '${date?string("yyyy-MM-dd HH:mm:ss")}', '${date?string("yyyy-MM-dd HH:mm:ss")}', 13, '品牌介绍：	猫人集团旗下成熟女性内衣品牌，其前身是以"Maoren"为英文名称的猫人品牌。"猫人经典"融合猫人品牌与产品十年历炼精髓，以成熟、品位、性感、经典传承为核心设计风格， 针对35-45岁女性人群身理特点，主力开发高端暖衣、调整型塑身内衣产品，致力于提升都市成熟女性的高品质生活。<br />\r\n品牌定位：	成熟、品位、经典、性感<br />\r\n目标人群：	35-45岁为主的都市成熟女性。成熟、自信，有较好的经济基础，追求高品质生活。在生命的成熟阶段，准备释放全部的魅力，捍卫自己的家庭、事业以及对青春的美好留念。<br />', '${demoImageUrl}/brand/maoren.gif', '猫人', 1, 'http://www.maoren.net')
insert into xx_brand (id, create_date, modify_date, orders, introduction, logo, name, type, url) values(14, '${date?string("yyyy-MM-dd HH:mm:ss")}', '${date?string("yyyy-MM-dd HH:mm:ss")}', 14, '"北极绒"属上海赛洋集团旗下品牌，诞生于1998年，是中国最早的保暖内衣龙头品牌之一。产品一经问世，依靠先进的科技理念、优良的品质、大众化消费，以一骑绝尘之势迅速占领市场。赵本山代言广告语"怕冷就穿北极绒，地球人都知道"，更是迅速传遍全国各地、街头巷尾，成为人们茶余饭后的谈资。北极绒也借此迅速蹿升为中国保暖内衣行业的重要领导品牌之一。<br />\r\n"千淘万漉虽辛苦，吹尽黄沙始到金"。十四年，梦想引领北极绒一直向前，在前进的道路上，北极绒不断实施产品创新改革、营销模式改革。目前，其发展已经涵盖内衣、家纺、男装三大类共计几千个品类，销售渠道网络覆盖全国28个省、市、自治区6000多个终端，产品品质和声誉赢得了消费者的一致认可。十四年发展历程中，北极绒先后荣获"中国驰名商标"、"国家免检产品"、"2007—2011年中国最具价值500强品牌"、"2001-2010年连续十年全国同类产品销量第一"、"中国内衣十大影响力品牌"、"中国保暖内衣十强品牌"、"生态纺织品认证"、"保暖内衣国家标准主要起草单位"、"中国针织工业协会标准保温率唯一认证"等累累殊荣，以唯一持续十四年长青、十四年辉煌的业绩，成为内衣行业无可争议的领袖品牌。目前，北极绒的品牌价值被世界品牌实验室评估为47.35亿元人民币。北极绒公司拥有20多项专利和5000多家由各级代理商组成的庞大完善的销售网络，产品覆盖除港澳台外的全国所有省、市、自治区，截止目前，仅保暖内衣一个品类就创造了累计销售近4000万套的经营神话，被誉为中国保暖内衣的领袖企业。<br />\r\n2008年开始，公司秉承"合作•分享•共赢"的价值观，进行多方位资源整合，实施品牌联合大发展。"百年梦圆，大国崛起"，北极绒正以领袖风范，高扛民族大旗，引领中国纺织服装企业走向国际舞台，立于世界品牌之林！<br />', '${demoImageUrl}/brand/beijirong.gif', '北极绒', 1, 'http://www.beijirong.com.cn')
insert into xx_brand (id, create_date, modify_date, orders, introduction, logo, name, type, url) values(15, '${date?string("yyyy-MM-dd HH:mm:ss")}', '${date?string("yyyy-MM-dd HH:mm:ss")}', 15, '美特斯邦威是周成建创立于温州的一家民营企业，1995年4月22日温州解放剧院第一家专卖店的开业标志着“美特斯邦威”品牌的正式面世。创牌以来，企业坚持走品牌连锁经营的可持续发展道路，在国内服装行业率先采取“虚拟经营”的业务模式，依靠品牌营销、设计、信息化和人才队伍建设在激烈的市场竞争中形成了自己的核心竞争力，获得了令世人瞩目的成就。2004 年，“美特斯邦威 ”全系统销售额突破了25亿元。截止2005年11月30日，集团在中国已拥有上海、温州、北京、杭州、重庆、成都、广州、沈阳、西安 、天津、济南十一家分公司，近1500家加盟和直营店铺（其中面积超过500平米的旗舰店有15家），公司直营体系员工达到了4000多人，全系统员工超过了数万人，成为中国休闲服饰行业的龙头企业之一。', '${demoImageUrl}/brand/metersbonwe.gif', '美特斯·邦威', 1, 'http://www.metersbonwe.com')
insert into xx_brand (id, create_date, modify_date, orders, introduction, logo, name, type, url) values(16, '${date?string("yyyy-MM-dd HH:mm:ss")}', '${date?string("yyyy-MM-dd HH:mm:ss")}', 16, '1993年，真维斯进军中国内地市场，在上海开设了第一间JEANSWEST真维斯专卖店。多年来，真维斯以“名牌大众化”的经营理念，“物超所值”的市场策略，稳占休闲装市场的领袖地位。现今，真维斯已在国内20多个省市开设了2000多间专卖店，拥有现时中国最大的休闲服饰销售网络。&nbsp;<br />\r\n<br />\r\n真维斯的经营理念是“名牌大众化”——少数人拥有的物品，令大众都能拥有；市场策略是“物超所值”——高价值的物品，低价钱销售。<br />\r\n真维斯服装是为广大年轻人设计的，将每季最新的潮流元素融入服装当中，以易穿易搭配的款式来吸引顾客。多年来，真维斯以大众潮流的休闲风格，深受年轻人的喜爱，已经成为年轻一代的时尚必需品。<br />\r\n<br />\r\n真维斯为了维护和加强品牌的形象，从连锁店铺的购物环境、店内布置、商品陈列、耐心的微笑服务、全面到位的售后服务、营业员的招聘选拔和工作培训及指导等方面入手，提升服务水平。<br />\r\n<br />\r\n“穷则独善其身，达则兼善天下”是真维斯企业文化的体现。目前在国内贫困地区以真维斯命名的希望小学共有36间。2008年真维斯为“希望小学快乐运动会”捐助130多万元。同年，捐资220万修建55个贫困小学操场为贫困小学建设贡献力量。此外，真维斯还分别斥资2700万元和600万元，设立了“真维斯大学生助学基金”和“真维斯希望教师基金”，为教育事业出一份力。面对灾情时，真维斯向四川汶川和青海玉树共计捐出超过1000万元人民币的善款。并通过举办“大爱中华行——真维斯·真的更精彩”慈善歌会行动，将慈善与娱乐相结合，呼吁更多年轻人关注慈善、奉献爱心。同时真维斯还通过开展“中国真维斯杯休闲装设计大赛”这一活动，给年轻人提供一个展示潜能、相互交流的平台。以体现社会价值为核心的品牌理念已深深牵动每一位真维斯顾客。<br />\r\n<br />\r\n“真维斯”是一个年轻﹑健康﹑向上的服饰品牌。“真维斯”倡导一种真诚﹑乐观的生活态度。真维斯为渴望被关注﹑被认可的年轻人打造最真的生活态度。做回真我，穿回真我，分享真我。 “真的·更精彩” 真维斯！<br />', '${demoImageUrl}/brand/jeanswest.gif', '真维斯', 1, 'http://www.jeanswest.com')
insert into xx_brand (id, create_date, modify_date, orders, introduction, logo, name, type, url) values(17, '${date?string("yyyy-MM-dd HH:mm:ss")}', '${date?string("yyyy-MM-dd HH:mm:ss")}', 17, '唐狮“TONLION”直属于宁波博洋服饰有限公司，成立于1994年，以经营男女大众休闲服饰为主。10多年来，“唐狮”服饰长期坚持不断改善产品品质和提供专业优质的服务造福大众。<br />\r\n唐狮坚持“我有我的方式”的品牌信念，为中国的年轻潮人度身打造专属于他们的服饰品牌。2005年以来，连续三年被世界品牌实验室评定为“中国500最具价值品牌”，品牌价值31.92亿元；之后，唐狮又接连尽揽“中国驰名商标”、“中国青年最喜爱的休闲服饰品牌”、“中国服饰品牌年度大奖”等多项傲人荣誉于一身。<br />\r\n2009年初，唐狮顺应潮流，快人一步加入电子商务市场，不仅为品牌成功打开“网销化”布局的第一步，更为热火朝天的网购服装市场添了一笔佳绩。09年底便成功挤入淘宝商城男装分类销量前三名，至今一直保持领先。<br />\r\n2011年，唐狮的目标是突玻2个亿，全方位的打造电子商务第一品牌。在原有淘宝平台的基础上，又积极将营销领域延伸到拍拍、京东、趣点等国内其它网销平台，力求多方面、多层次的发展。通过各平台不同的营销模式，不同的销售群体，在反复的对比中，唐狮积累到更多关于电子商务的宝贵经验，为今后平台的不断完善和壮大，莫定了坚实的基础。<br />\r\n从曾经的服饰品牌新人王，到今天的潮流品牌星势力。每一天，唐狮都在飞速成长，每一年，唐狮都在撰写全新的篇章。唐潮盛狮崛起，辉煌未完待续。<br />', '${demoImageUrl}/brand/tonlion.gif', '唐狮', 1, 'http://www.tonlion.com')

insert into xx_promotion (id, create_date, modify_date, orders, begin_date, end_date, introduction, is_coupon_allowed, is_free_shipping, maximum_price, maximum_quantity, minimum_price, minimum_quantity, name, point_expression, price_expression, title) values(1, '${date?string("yyyy-MM-dd HH:mm:ss")}', '${date?string("yyyy-MM-dd HH:mm:ss")}', 1, '${date?string("yyyy-MM-dd HH:mm:ss")}', '2015-01-01 00:00:00', '<p>\r\n	活动内容：订单商品金额满300元立减10元\r\n</p>\r\n<p>\r\n	参与商品分类：连衣裙、针织衫\r\n</p>\r\n<p>\r\n	说明：参与该活动商品不允许使用优惠券\r\n</p>', ${bit0}, ${bit0}, NULL, NULL, NULL, NULL, '限时抢购', NULL, 'price * 0.9', '限时抢购')
insert into xx_promotion (id, create_date, modify_date, orders, begin_date, end_date, introduction, is_coupon_allowed, is_free_shipping, maximum_price, maximum_quantity, minimum_price, minimum_quantity, name, point_expression, price_expression, title) values(2, '${date?string("yyyy-MM-dd HH:mm:ss")}', '${date?string("yyyy-MM-dd HH:mm:ss")}', 2, NULL, NULL, '<p>\r\n	<span style="white-space:normal;">活动内容：</span>订单商品价格满200元赠送双倍<span style="white-space:normal;">积分</span> \r\n</p>\r\n<p>\r\n	<span style="white-space:normal;">参与商品分类：服饰配件、小西装</span> \r\n</p>', ${bit1}, ${bit0}, NULL, NULL, NULL, NULL, '双倍积分', 'point * 2', NULL, '双倍积分')

insert into xx_promotion_member_rank (promotions, member_ranks) values(1, 1)
insert into xx_promotion_member_rank (promotions, member_ranks) values(2, 1)
insert into xx_promotion_member_rank (promotions, member_ranks) values(1, 2)
insert into xx_promotion_member_rank (promotions, member_ranks) values(2, 2)
insert into xx_promotion_member_rank (promotions, member_ranks) values(1, 3)
insert into xx_promotion_member_rank (promotions, member_ranks) values(2, 3)
insert into xx_promotion_member_rank (promotions, member_ranks) values(1, 4)
insert into xx_promotion_member_rank (promotions, member_ranks) values(2, 4)

insert into xx_promotion_product_category (promotions, product_categories) values(2, 4)
insert into xx_promotion_product_category (promotions, product_categories) values(1, 11)
insert into xx_promotion_product_category (promotions, product_categories) values(2, 14)
insert into xx_promotion_product_category (promotions, product_categories) values(1, 21)

insert into xx_parameter_group (id, create_date, modify_date, orders, name, product_category) values(1, '${date?string("yyyy-MM-dd HH:mm:ss")}', '${date?string("yyyy-MM-dd HH:mm:ss")}', 1, '基本参数', 11)
insert into xx_parameter_group (id, create_date, modify_date, orders, name, product_category) values(2, '${date?string("yyyy-MM-dd HH:mm:ss")}', '${date?string("yyyy-MM-dd HH:mm:ss")}', 2, '基本参数', 14)
insert into xx_parameter_group (id, create_date, modify_date, orders, name, product_category) values(3, '${date?string("yyyy-MM-dd HH:mm:ss")}', '${date?string("yyyy-MM-dd HH:mm:ss")}', 3, '基本参数', 17)
insert into xx_parameter_group (id, create_date, modify_date, orders, name, product_category) values(4, '${date?string("yyyy-MM-dd HH:mm:ss")}', '${date?string("yyyy-MM-dd HH:mm:ss")}', 4, '基本参数', 26)
insert into xx_parameter_group (id, create_date, modify_date, orders, name, product_category) values(5, '${date?string("yyyy-MM-dd HH:mm:ss")}', '${date?string("yyyy-MM-dd HH:mm:ss")}', 5, '基本参数', 27)
insert into xx_parameter_group (id, create_date, modify_date, orders, name, product_category) values(6, '${date?string("yyyy-MM-dd HH:mm:ss")}', '${date?string("yyyy-MM-dd HH:mm:ss")}', 6, '基本参数', 25)
insert into xx_parameter_group (id, create_date, modify_date, orders, name, product_category) values(7, '${date?string("yyyy-MM-dd HH:mm:ss")}', '${date?string("yyyy-MM-dd HH:mm:ss")}', 7, '基本参数', 29)
insert into xx_parameter_group (id, create_date, modify_date, orders, name, product_category) values(8, '${date?string("yyyy-MM-dd HH:mm:ss")}', '${date?string("yyyy-MM-dd HH:mm:ss")}', 8, '基本参数', 18)
insert into xx_parameter_group (id, create_date, modify_date, orders, name, product_category) values(9, '${date?string("yyyy-MM-dd HH:mm:ss")}', '${date?string("yyyy-MM-dd HH:mm:ss")}', 9, '基本参数', 13)
insert into xx_parameter_group (id, create_date, modify_date, orders, name, product_category) values(10, '${date?string("yyyy-MM-dd HH:mm:ss")}', '${date?string("yyyy-MM-dd HH:mm:ss")}', 10, '基本参数', 19)

insert into xx_parameter (id, create_date, modify_date, orders, name, parameter_group) values(1, '${date?string("yyyy-MM-dd HH:mm:ss")}', '${date?string("yyyy-MM-dd HH:mm:ss")}', 1, '风格', 1)
insert into xx_parameter (id, create_date, modify_date, orders, name, parameter_group) values(2, '${date?string("yyyy-MM-dd HH:mm:ss")}', '${date?string("yyyy-MM-dd HH:mm:ss")}', 2, '通勤', 1)
insert into xx_parameter (id, create_date, modify_date, orders, name, parameter_group) values(3, '${date?string("yyyy-MM-dd HH:mm:ss")}', '${date?string("yyyy-MM-dd HH:mm:ss")}', 3, '组合形式', 1)
insert into xx_parameter (id, create_date, modify_date, orders, name, parameter_group) values(4, '${date?string("yyyy-MM-dd HH:mm:ss")}', '${date?string("yyyy-MM-dd HH:mm:ss")}', 4, '裙长', 1)
insert into xx_parameter (id, create_date, modify_date, orders, name, parameter_group) values(5, '${date?string("yyyy-MM-dd HH:mm:ss")}', '${date?string("yyyy-MM-dd HH:mm:ss")}', 5, '款式', 1)
insert into xx_parameter (id, create_date, modify_date, orders, name, parameter_group) values(6, '${date?string("yyyy-MM-dd HH:mm:ss")}', '${date?string("yyyy-MM-dd HH:mm:ss")}', 6, '袖长', 1)
insert into xx_parameter (id, create_date, modify_date, orders, name, parameter_group) values(7, '${date?string("yyyy-MM-dd HH:mm:ss")}', '${date?string("yyyy-MM-dd HH:mm:ss")}', 7, '领型', 1)
insert into xx_parameter (id, create_date, modify_date, orders, name, parameter_group) values(8, '${date?string("yyyy-MM-dd HH:mm:ss")}', '${date?string("yyyy-MM-dd HH:mm:ss")}', 8, '袖型', 1)
insert into xx_parameter (id, create_date, modify_date, orders, name, parameter_group) values(9, '${date?string("yyyy-MM-dd HH:mm:ss")}', '${date?string("yyyy-MM-dd HH:mm:ss")}', 9, '腰型', 1)
insert into xx_parameter (id, create_date, modify_date, orders, name, parameter_group) values(10, '${date?string("yyyy-MM-dd HH:mm:ss")}', '${date?string("yyyy-MM-dd HH:mm:ss")}', 10, '衣门襟', 1)
insert into xx_parameter (id, create_date, modify_date, orders, name, parameter_group) values(11, '${date?string("yyyy-MM-dd HH:mm:ss")}', '${date?string("yyyy-MM-dd HH:mm:ss")}', 11, '裙型', 1)
insert into xx_parameter (id, create_date, modify_date, orders, name, parameter_group) values(12, '${date?string("yyyy-MM-dd HH:mm:ss")}', '${date?string("yyyy-MM-dd HH:mm:ss")}', 12, '图案', 1)
insert into xx_parameter (id, create_date, modify_date, orders, name, parameter_group) values(13, '${date?string("yyyy-MM-dd HH:mm:ss")}', '${date?string("yyyy-MM-dd HH:mm:ss")}', 13, '流行元素/工艺', 1)
insert into xx_parameter (id, create_date, modify_date, orders, name, parameter_group) values(14, '${date?string("yyyy-MM-dd HH:mm:ss")}', '${date?string("yyyy-MM-dd HH:mm:ss")}', 14, '材质', 1)
insert into xx_parameter (id, create_date, modify_date, orders, name, parameter_group) values(15, '${date?string("yyyy-MM-dd HH:mm:ss")}', '${date?string("yyyy-MM-dd HH:mm:ss")}', 15, '主成份含量', 1)
insert into xx_parameter (id, create_date, modify_date, orders, name, parameter_group) values(16, '${date?string("yyyy-MM-dd HH:mm:ss")}', '${date?string("yyyy-MM-dd HH:mm:ss")}', 16, '主材质', 1)
insert into xx_parameter (id, create_date, modify_date, orders, name, parameter_group) values(17, '${date?string("yyyy-MM-dd HH:mm:ss")}', '${date?string("yyyy-MM-dd HH:mm:ss")}', 1, '板型', 2)
insert into xx_parameter (id, create_date, modify_date, orders, name, parameter_group) values(18, '${date?string("yyyy-MM-dd HH:mm:ss")}', '${date?string("yyyy-MM-dd HH:mm:ss")}', 2, '厚薄', 2)
insert into xx_parameter (id, create_date, modify_date, orders, name, parameter_group) values(19, '${date?string("yyyy-MM-dd HH:mm:ss")}', '${date?string("yyyy-MM-dd HH:mm:ss")}', 3, '组合形式', 2)
insert into xx_parameter (id, create_date, modify_date, orders, name, parameter_group) values(20, '${date?string("yyyy-MM-dd HH:mm:ss")}', '${date?string("yyyy-MM-dd HH:mm:ss")}', 4, '风格', 2)
insert into xx_parameter (id, create_date, modify_date, orders, name, parameter_group) values(21, '${date?string("yyyy-MM-dd HH:mm:ss")}', '${date?string("yyyy-MM-dd HH:mm:ss")}', 5, '通勤', 2)
insert into xx_parameter (id, create_date, modify_date, orders, name, parameter_group) values(22, '${date?string("yyyy-MM-dd HH:mm:ss")}', '${date?string("yyyy-MM-dd HH:mm:ss")}', 6, '衣长', 2)
insert into xx_parameter (id, create_date, modify_date, orders, name, parameter_group) values(23, '${date?string("yyyy-MM-dd HH:mm:ss")}', '${date?string("yyyy-MM-dd HH:mm:ss")}', 7, '袖长', 2)
insert into xx_parameter (id, create_date, modify_date, orders, name, parameter_group) values(24, '${date?string("yyyy-MM-dd HH:mm:ss")}', '${date?string("yyyy-MM-dd HH:mm:ss")}', 8, '领子', 2)
insert into xx_parameter (id, create_date, modify_date, orders, name, parameter_group) values(25, '${date?string("yyyy-MM-dd HH:mm:ss")}', '${date?string("yyyy-MM-dd HH:mm:ss")}', 9, '袖型', 2)
insert into xx_parameter (id, create_date, modify_date, orders, name, parameter_group) values(26, '${date?string("yyyy-MM-dd HH:mm:ss")}', '${date?string("yyyy-MM-dd HH:mm:ss")}', 10, '衣门襟', 2)
insert into xx_parameter (id, create_date, modify_date, orders, name, parameter_group) values(27, '${date?string("yyyy-MM-dd HH:mm:ss")}', '${date?string("yyyy-MM-dd HH:mm:ss")}', 11, '图案', 2)
insert into xx_parameter (id, create_date, modify_date, orders, name, parameter_group) values(28, '${date?string("yyyy-MM-dd HH:mm:ss")}', '${date?string("yyyy-MM-dd HH:mm:ss")}', 12, '款式细节', 2)
insert into xx_parameter (id, create_date, modify_date, orders, name, parameter_group) values(29, '${date?string("yyyy-MM-dd HH:mm:ss")}', '${date?string("yyyy-MM-dd HH:mm:ss")}', 13, '面料分类', 2)
insert into xx_parameter (id, create_date, modify_date, orders, name, parameter_group) values(30, '${date?string("yyyy-MM-dd HH:mm:ss")}', '${date?string("yyyy-MM-dd HH:mm:ss")}', 14, '面料主成分含量', 2)
insert into xx_parameter (id, create_date, modify_date, orders, name, parameter_group) values(31, '${date?string("yyyy-MM-dd HH:mm:ss")}', '${date?string("yyyy-MM-dd HH:mm:ss")}', 1, '板型', 3)
insert into xx_parameter (id, create_date, modify_date, orders, name, parameter_group) values(32, '${date?string("yyyy-MM-dd HH:mm:ss")}', '${date?string("yyyy-MM-dd HH:mm:ss")}', 2, '风格', 3)
insert into xx_parameter (id, create_date, modify_date, orders, name, parameter_group) values(33, '${date?string("yyyy-MM-dd HH:mm:ss")}', '${date?string("yyyy-MM-dd HH:mm:ss")}', 3, '通勤', 3)
insert into xx_parameter (id, create_date, modify_date, orders, name, parameter_group) values(34, '${date?string("yyyy-MM-dd HH:mm:ss")}', '${date?string("yyyy-MM-dd HH:mm:ss")}', 4, '衣长', 3)
insert into xx_parameter (id, create_date, modify_date, orders, name, parameter_group) values(35, '${date?string("yyyy-MM-dd HH:mm:ss")}', '${date?string("yyyy-MM-dd HH:mm:ss")}', 5, '袖长', 3)
insert into xx_parameter (id, create_date, modify_date, orders, name, parameter_group) values(36, '${date?string("yyyy-MM-dd HH:mm:ss")}', '${date?string("yyyy-MM-dd HH:mm:ss")}', 6, '袖型', 3)
insert into xx_parameter (id, create_date, modify_date, orders, name, parameter_group) values(37, '${date?string("yyyy-MM-dd HH:mm:ss")}', '${date?string("yyyy-MM-dd HH:mm:ss")}', 7, '领型', 3)
insert into xx_parameter (id, create_date, modify_date, orders, name, parameter_group) values(38, '${date?string("yyyy-MM-dd HH:mm:ss")}', '${date?string("yyyy-MM-dd HH:mm:ss")}', 8, '衣门襟', 3)
insert into xx_parameter (id, create_date, modify_date, orders, name, parameter_group) values(39, '${date?string("yyyy-MM-dd HH:mm:ss")}', '${date?string("yyyy-MM-dd HH:mm:ss")}', 9, '图案', 3)
insert into xx_parameter (id, create_date, modify_date, orders, name, parameter_group) values(40, '${date?string("yyyy-MM-dd HH:mm:ss")}', '${date?string("yyyy-MM-dd HH:mm:ss")}', 10, '款式细节', 3)
insert into xx_parameter (id, create_date, modify_date, orders, name, parameter_group) values(41, '${date?string("yyyy-MM-dd HH:mm:ss")}', '${date?string("yyyy-MM-dd HH:mm:ss")}', 11, '材质主成份含量', 3)
insert into xx_parameter (id, create_date, modify_date, orders, name, parameter_group) values(42, '${date?string("yyyy-MM-dd HH:mm:ss")}', '${date?string("yyyy-MM-dd HH:mm:ss")}', 12, '质地', 3)
insert into xx_parameter (id, create_date, modify_date, orders, name, parameter_group) values(43, '${date?string("yyyy-MM-dd HH:mm:ss")}', '${date?string("yyyy-MM-dd HH:mm:ss")}', 1, '袖长', 4)
insert into xx_parameter (id, create_date, modify_date, orders, name, parameter_group) values(44, '${date?string("yyyy-MM-dd HH:mm:ss")}', '${date?string("yyyy-MM-dd HH:mm:ss")}', 2, '版型', 4)
insert into xx_parameter (id, create_date, modify_date, orders, name, parameter_group) values(45, '${date?string("yyyy-MM-dd HH:mm:ss")}', '${date?string("yyyy-MM-dd HH:mm:ss")}', 3, '领型', 4)
insert into xx_parameter (id, create_date, modify_date, orders, name, parameter_group) values(46, '${date?string("yyyy-MM-dd HH:mm:ss")}', '${date?string("yyyy-MM-dd HH:mm:ss")}', 4, '风格', 4)
insert into xx_parameter (id, create_date, modify_date, orders, name, parameter_group) values(47, '${date?string("yyyy-MM-dd HH:mm:ss")}', '${date?string("yyyy-MM-dd HH:mm:ss")}', 5, '面料分类', 4)
insert into xx_parameter (id, create_date, modify_date, orders, name, parameter_group) values(48, '${date?string("yyyy-MM-dd HH:mm:ss")}', '${date?string("yyyy-MM-dd HH:mm:ss")}', 6, '面料花型', 4)
insert into xx_parameter (id, create_date, modify_date, orders, name, parameter_group) values(49, '${date?string("yyyy-MM-dd HH:mm:ss")}', '${date?string("yyyy-MM-dd HH:mm:ss")}', 7, '面料主材质', 4)
insert into xx_parameter (id, create_date, modify_date, orders, name, parameter_group) values(50, '${date?string("yyyy-MM-dd HH:mm:ss")}', '${date?string("yyyy-MM-dd HH:mm:ss")}', 8, '棉含量', 4)
insert into xx_parameter (id, create_date, modify_date, orders, name, parameter_group) values(51, '${date?string("yyyy-MM-dd HH:mm:ss")}', '${date?string("yyyy-MM-dd HH:mm:ss")}', 9, '年份', 4)
insert into xx_parameter (id, create_date, modify_date, orders, name, parameter_group) values(52, '${date?string("yyyy-MM-dd HH:mm:ss")}', '${date?string("yyyy-MM-dd HH:mm:ss")}', 10, '适用季节', 4)
insert into xx_parameter (id, create_date, modify_date, orders, name, parameter_group) values(53, '${date?string("yyyy-MM-dd HH:mm:ss")}', '${date?string("yyyy-MM-dd HH:mm:ss")}', 11, '消费群体', 4)
insert into xx_parameter (id, create_date, modify_date, orders, name, parameter_group) values(54, '${date?string("yyyy-MM-dd HH:mm:ss")}', '${date?string("yyyy-MM-dd HH:mm:ss")}', 12, '场合', 4)
insert into xx_parameter (id, create_date, modify_date, orders, name, parameter_group) values(55, '${date?string("yyyy-MM-dd HH:mm:ss")}', '${date?string("yyyy-MM-dd HH:mm:ss")}', 1, '版型', 5)
insert into xx_parameter (id, create_date, modify_date, orders, name, parameter_group) values(56, '${date?string("yyyy-MM-dd HH:mm:ss")}', '${date?string("yyyy-MM-dd HH:mm:ss")}', 2, '领型', 5)
insert into xx_parameter (id, create_date, modify_date, orders, name, parameter_group) values(57, '${date?string("yyyy-MM-dd HH:mm:ss")}', '${date?string("yyyy-MM-dd HH:mm:ss")}', 3, '衣门襟', 5)
insert into xx_parameter (id, create_date, modify_date, orders, name, parameter_group) values(58, '${date?string("yyyy-MM-dd HH:mm:ss")}', '${date?string("yyyy-MM-dd HH:mm:ss")}', 4, '风格', 5)
insert into xx_parameter (id, create_date, modify_date, orders, name, parameter_group) values(59, '${date?string("yyyy-MM-dd HH:mm:ss")}', '${date?string("yyyy-MM-dd HH:mm:ss")}', 5, '面料分类', 5)
insert into xx_parameter (id, create_date, modify_date, orders, name, parameter_group) values(60, '${date?string("yyyy-MM-dd HH:mm:ss")}', '${date?string("yyyy-MM-dd HH:mm:ss")}', 6, '款式细节', 5)
insert into xx_parameter (id, create_date, modify_date, orders, name, parameter_group) values(61, '${date?string("yyyy-MM-dd HH:mm:ss")}', '${date?string("yyyy-MM-dd HH:mm:ss")}', 7, '袖长', 5)
insert into xx_parameter (id, create_date, modify_date, orders, name, parameter_group) values(62, '${date?string("yyyy-MM-dd HH:mm:ss")}', '${date?string("yyyy-MM-dd HH:mm:ss")}', 8, '面料主材质', 5)
insert into xx_parameter (id, create_date, modify_date, orders, name, parameter_group) values(63, '${date?string("yyyy-MM-dd HH:mm:ss")}', '${date?string("yyyy-MM-dd HH:mm:ss")}', 9, '羊毛含量', 5)
insert into xx_parameter (id, create_date, modify_date, orders, name, parameter_group) values(64, '${date?string("yyyy-MM-dd HH:mm:ss")}', '${date?string("yyyy-MM-dd HH:mm:ss")}', 10, '涤纶含量', 5)
insert into xx_parameter (id, create_date, modify_date, orders, name, parameter_group) values(65, '${date?string("yyyy-MM-dd HH:mm:ss")}', '${date?string("yyyy-MM-dd HH:mm:ss")}', 11, '适用季节', 5)
insert into xx_parameter (id, create_date, modify_date, orders, name, parameter_group) values(66, '${date?string("yyyy-MM-dd HH:mm:ss")}', '${date?string("yyyy-MM-dd HH:mm:ss")}', 12, '场合', 5)
insert into xx_parameter (id, create_date, modify_date, orders, name, parameter_group) values(67, '${date?string("yyyy-MM-dd HH:mm:ss")}', '${date?string("yyyy-MM-dd HH:mm:ss")}', 13, '消费群体', 5)
insert into xx_parameter (id, create_date, modify_date, orders, name, parameter_group) values(68, '${date?string("yyyy-MM-dd HH:mm:ss")}', '${date?string("yyyy-MM-dd HH:mm:ss")}', 14, '款式品名', 5)
insert into xx_parameter (id, create_date, modify_date, orders, name, parameter_group) values(69, '${date?string("yyyy-MM-dd HH:mm:ss")}', '${date?string("yyyy-MM-dd HH:mm:ss")}', 15, '下摆设计', 5)
insert into xx_parameter (id, create_date, modify_date, orders, name, parameter_group) values(70, '${date?string("yyyy-MM-dd HH:mm:ss")}', '${date?string("yyyy-MM-dd HH:mm:ss")}', 16, '男装厚薄', 5)
insert into xx_parameter (id, create_date, modify_date, orders, name, parameter_group) values(71, '${date?string("yyyy-MM-dd HH:mm:ss")}', '${date?string("yyyy-MM-dd HH:mm:ss")}', 17, '衣长', 5)
insert into xx_parameter (id, create_date, modify_date, orders, name, parameter_group) values(72, '${date?string("yyyy-MM-dd HH:mm:ss")}', '${date?string("yyyy-MM-dd HH:mm:ss")}', 18, '口袋设计', 5)
insert into xx_parameter (id, create_date, modify_date, orders, name, parameter_group) values(73, '${date?string("yyyy-MM-dd HH:mm:ss")}', '${date?string("yyyy-MM-dd HH:mm:ss")}', 1, '袖长', 6)
insert into xx_parameter (id, create_date, modify_date, orders, name, parameter_group) values(74, '${date?string("yyyy-MM-dd HH:mm:ss")}', '${date?string("yyyy-MM-dd HH:mm:ss")}', 2, '领型', 6)
insert into xx_parameter (id, create_date, modify_date, orders, name, parameter_group) values(75, '${date?string("yyyy-MM-dd HH:mm:ss")}', '${date?string("yyyy-MM-dd HH:mm:ss")}', 3, '面料分类', 6)
insert into xx_parameter (id, create_date, modify_date, orders, name, parameter_group) values(76, '${date?string("yyyy-MM-dd HH:mm:ss")}', '${date?string("yyyy-MM-dd HH:mm:ss")}', 4, '款式细节', 6)
insert into xx_parameter (id, create_date, modify_date, orders, name, parameter_group) values(77, '${date?string("yyyy-MM-dd HH:mm:ss")}', '${date?string("yyyy-MM-dd HH:mm:ss")}', 5, '工艺处理', 6)
insert into xx_parameter (id, create_date, modify_date, orders, name, parameter_group) values(78, '${date?string("yyyy-MM-dd HH:mm:ss")}', '${date?string("yyyy-MM-dd HH:mm:ss")}', 6, '风格', 6)
insert into xx_parameter (id, create_date, modify_date, orders, name, parameter_group) values(79, '${date?string("yyyy-MM-dd HH:mm:ss")}', '${date?string("yyyy-MM-dd HH:mm:ss")}', 7, '袖型', 6)
insert into xx_parameter (id, create_date, modify_date, orders, name, parameter_group) values(80, '${date?string("yyyy-MM-dd HH:mm:ss")}', '${date?string("yyyy-MM-dd HH:mm:ss")}', 8, '图案', 6)
insert into xx_parameter (id, create_date, modify_date, orders, name, parameter_group) values(81, '${date?string("yyyy-MM-dd HH:mm:ss")}', '${date?string("yyyy-MM-dd HH:mm:ss")}', 9, '版型', 6)
insert into xx_parameter (id, create_date, modify_date, orders, name, parameter_group) values(82, '${date?string("yyyy-MM-dd HH:mm:ss")}', '${date?string("yyyy-MM-dd HH:mm:ss")}', 10, '面料主材质', 6)
insert into xx_parameter (id, create_date, modify_date, orders, name, parameter_group) values(83, '${date?string("yyyy-MM-dd HH:mm:ss")}', '${date?string("yyyy-MM-dd HH:mm:ss")}', 11, '棉含量', 6)
insert into xx_parameter (id, create_date, modify_date, orders, name, parameter_group) values(84, '${date?string("yyyy-MM-dd HH:mm:ss")}', '${date?string("yyyy-MM-dd HH:mm:ss")}', 12, '适用季节', 6)
insert into xx_parameter (id, create_date, modify_date, orders, name, parameter_group) values(85, '${date?string("yyyy-MM-dd HH:mm:ss")}', '${date?string("yyyy-MM-dd HH:mm:ss")}', 13, '场合', 6)
insert into xx_parameter (id, create_date, modify_date, orders, name, parameter_group) values(86, '${date?string("yyyy-MM-dd HH:mm:ss")}', '${date?string("yyyy-MM-dd HH:mm:ss")}', 14, '消费群体', 6)
insert into xx_parameter (id, create_date, modify_date, orders, name, parameter_group) values(87, '${date?string("yyyy-MM-dd HH:mm:ss")}', '${date?string("yyyy-MM-dd HH:mm:ss")}', 15, '年份', 6)
insert into xx_parameter (id, create_date, modify_date, orders, name, parameter_group) values(88, '${date?string("yyyy-MM-dd HH:mm:ss")}', '${date?string("yyyy-MM-dd HH:mm:ss")}', 1, '领型', 7)
insert into xx_parameter (id, create_date, modify_date, orders, name, parameter_group) values(89, '${date?string("yyyy-MM-dd HH:mm:ss")}', '${date?string("yyyy-MM-dd HH:mm:ss")}', 2, '风格', 7)
insert into xx_parameter (id, create_date, modify_date, orders, name, parameter_group) values(90, '${date?string("yyyy-MM-dd HH:mm:ss")}', '${date?string("yyyy-MM-dd HH:mm:ss")}', 3, '面料分类', 7)
insert into xx_parameter (id, create_date, modify_date, orders, name, parameter_group) values(91, '${date?string("yyyy-MM-dd HH:mm:ss")}', '${date?string("yyyy-MM-dd HH:mm:ss")}', 4, '款式细节', 7)
insert into xx_parameter (id, create_date, modify_date, orders, name, parameter_group) values(92, '${date?string("yyyy-MM-dd HH:mm:ss")}', '${date?string("yyyy-MM-dd HH:mm:ss")}', 5, '季节', 7)
insert into xx_parameter (id, create_date, modify_date, orders, name, parameter_group) values(93, '${date?string("yyyy-MM-dd HH:mm:ss")}', '${date?string("yyyy-MM-dd HH:mm:ss")}', 6, '袖型', 7)
insert into xx_parameter (id, create_date, modify_date, orders, name, parameter_group) values(94, '${date?string("yyyy-MM-dd HH:mm:ss")}', '${date?string("yyyy-MM-dd HH:mm:ss")}', 7, '男装厚薄', 7)
insert into xx_parameter (id, create_date, modify_date, orders, name, parameter_group) values(95, '${date?string("yyyy-MM-dd HH:mm:ss")}', '${date?string("yyyy-MM-dd HH:mm:ss")}', 8, '版型', 7)
insert into xx_parameter (id, create_date, modify_date, orders, name, parameter_group) values(96, '${date?string("yyyy-MM-dd HH:mm:ss")}', '${date?string("yyyy-MM-dd HH:mm:ss")}', 9, '面料主材质', 7)
insert into xx_parameter (id, create_date, modify_date, orders, name, parameter_group) values(97, '${date?string("yyyy-MM-dd HH:mm:ss")}', '${date?string("yyyy-MM-dd HH:mm:ss")}', 10, '锦纶含量', 7)
insert into xx_parameter (id, create_date, modify_date, orders, name, parameter_group) values(98, '${date?string("yyyy-MM-dd HH:mm:ss")}', '${date?string("yyyy-MM-dd HH:mm:ss")}', 11, '涤纶含量', 7)
insert into xx_parameter (id, create_date, modify_date, orders, name, parameter_group) values(99, '${date?string("yyyy-MM-dd HH:mm:ss")}', '${date?string("yyyy-MM-dd HH:mm:ss")}', 12, '场合', 7)
insert into xx_parameter (id, create_date, modify_date, orders, name, parameter_group) values(100, '${date?string("yyyy-MM-dd HH:mm:ss")}', '${date?string("yyyy-MM-dd HH:mm:ss")}', 13, '消费群体', 7)
insert into xx_parameter (id, create_date, modify_date, orders, name, parameter_group) values(101, '${date?string("yyyy-MM-dd HH:mm:ss")}', '${date?string("yyyy-MM-dd HH:mm:ss")}', 14, '面料分类', 7)
insert into xx_parameter (id, create_date, modify_date, orders, name, parameter_group) values(102, '${date?string("yyyy-MM-dd HH:mm:ss")}', '${date?string("yyyy-MM-dd HH:mm:ss")}', 15, '下摆设计', 7)
insert into xx_parameter (id, create_date, modify_date, orders, name, parameter_group) values(103, '${date?string("yyyy-MM-dd HH:mm:ss")}', '${date?string("yyyy-MM-dd HH:mm:ss")}', 16, '口袋设计', 7)
insert into xx_parameter (id, create_date, modify_date, orders, name, parameter_group) values(104, '${date?string("yyyy-MM-dd HH:mm:ss")}', '${date?string("yyyy-MM-dd HH:mm:ss")}', 17, '衣门襟', 7)
insert into xx_parameter (id, create_date, modify_date, orders, name, parameter_group) values(105, '${date?string("yyyy-MM-dd HH:mm:ss")}', '${date?string("yyyy-MM-dd HH:mm:ss")}', 18, '衣长', 7)
insert into xx_parameter (id, create_date, modify_date, orders, name, parameter_group) values(106, '${date?string("yyyy-MM-dd HH:mm:ss")}', '${date?string("yyyy-MM-dd HH:mm:ss")}', 19, '花色', 7)
insert into xx_parameter (id, create_date, modify_date, orders, name, parameter_group) values(107, '${date?string("yyyy-MM-dd HH:mm:ss")}', '${date?string("yyyy-MM-dd HH:mm:ss")}', 1, '板型', 8)
insert into xx_parameter (id, create_date, modify_date, orders, name, parameter_group) values(108, '${date?string("yyyy-MM-dd HH:mm:ss")}', '${date?string("yyyy-MM-dd HH:mm:ss")}', 2, '厚薄', 8)
insert into xx_parameter (id, create_date, modify_date, orders, name, parameter_group) values(109, '${date?string("yyyy-MM-dd HH:mm:ss")}', '${date?string("yyyy-MM-dd HH:mm:ss")}', 3, '风格', 8)
insert into xx_parameter (id, create_date, modify_date, orders, name, parameter_group) values(110, '${date?string("yyyy-MM-dd HH:mm:ss")}', '${date?string("yyyy-MM-dd HH:mm:ss")}', 4, '通勤', 8)
insert into xx_parameter (id, create_date, modify_date, orders, name, parameter_group) values(111, '${date?string("yyyy-MM-dd HH:mm:ss")}', '${date?string("yyyy-MM-dd HH:mm:ss")}', 5, '衣长', 8)
insert into xx_parameter (id, create_date, modify_date, orders, name, parameter_group) values(112, '${date?string("yyyy-MM-dd HH:mm:ss")}', '${date?string("yyyy-MM-dd HH:mm:ss")}', 6, '袖长', 8)
insert into xx_parameter (id, create_date, modify_date, orders, name, parameter_group) values(113, '${date?string("yyyy-MM-dd HH:mm:ss")}', '${date?string("yyyy-MM-dd HH:mm:ss")}', 7, '领子', 8)
insert into xx_parameter (id, create_date, modify_date, orders, name, parameter_group) values(114, '${date?string("yyyy-MM-dd HH:mm:ss")}', '${date?string("yyyy-MM-dd HH:mm:ss")}', 8, '袖型', 8)
insert into xx_parameter (id, create_date, modify_date, orders, name, parameter_group) values(115, '${date?string("yyyy-MM-dd HH:mm:ss")}', '${date?string("yyyy-MM-dd HH:mm:ss")}', 9, '衣门襟', 8)
insert into xx_parameter (id, create_date, modify_date, orders, name, parameter_group) values(116, '${date?string("yyyy-MM-dd HH:mm:ss")}', '${date?string("yyyy-MM-dd HH:mm:ss")}', 10, '图案', 8)
insert into xx_parameter (id, create_date, modify_date, orders, name, parameter_group) values(117, '${date?string("yyyy-MM-dd HH:mm:ss")}', '${date?string("yyyy-MM-dd HH:mm:ss")}', 11, '流行元素/工艺', 8)
insert into xx_parameter (id, create_date, modify_date, orders, name, parameter_group) values(118, '${date?string("yyyy-MM-dd HH:mm:ss")}', '${date?string("yyyy-MM-dd HH:mm:ss")}', 12, '面料材质', 8)
insert into xx_parameter (id, create_date, modify_date, orders, name, parameter_group) values(119, '${date?string("yyyy-MM-dd HH:mm:ss")}', '${date?string("yyyy-MM-dd HH:mm:ss")}', 13, '面料主材质含量', 8)
insert into xx_parameter (id, create_date, modify_date, orders, name, parameter_group) values(120, '${date?string("yyyy-MM-dd HH:mm:ss")}', '${date?string("yyyy-MM-dd HH:mm:ss")}', 14, '里料分类', 8)
insert into xx_parameter (id, create_date, modify_date, orders, name, parameter_group) values(121, '${date?string("yyyy-MM-dd HH:mm:ss")}', '${date?string("yyyy-MM-dd HH:mm:ss")}', 1, '板型', 9)
insert into xx_parameter (id, create_date, modify_date, orders, name, parameter_group) values(122, '${date?string("yyyy-MM-dd HH:mm:ss")}', '${date?string("yyyy-MM-dd HH:mm:ss")}', 2, '风格', 9)
insert into xx_parameter (id, create_date, modify_date, orders, name, parameter_group) values(123, '${date?string("yyyy-MM-dd HH:mm:ss")}', '${date?string("yyyy-MM-dd HH:mm:ss")}', 3, '通勤', 9)
insert into xx_parameter (id, create_date, modify_date, orders, name, parameter_group) values(124, '${date?string("yyyy-MM-dd HH:mm:ss")}', '${date?string("yyyy-MM-dd HH:mm:ss")}', 4, '款式', 9)
insert into xx_parameter (id, create_date, modify_date, orders, name, parameter_group) values(125, '${date?string("yyyy-MM-dd HH:mm:ss")}', '${date?string("yyyy-MM-dd HH:mm:ss")}', 5, '袖长', 9)
insert into xx_parameter (id, create_date, modify_date, orders, name, parameter_group) values(126, '${date?string("yyyy-MM-dd HH:mm:ss")}', '${date?string("yyyy-MM-dd HH:mm:ss")}', 6, '领型', 9)
insert into xx_parameter (id, create_date, modify_date, orders, name, parameter_group) values(127, '${date?string("yyyy-MM-dd HH:mm:ss")}', '${date?string("yyyy-MM-dd HH:mm:ss")}', 7, '袖型', 9)
insert into xx_parameter (id, create_date, modify_date, orders, name, parameter_group) values(128, '${date?string("yyyy-MM-dd HH:mm:ss")}', '${date?string("yyyy-MM-dd HH:mm:ss")}', 8, '衣门襟', 9)
insert into xx_parameter (id, create_date, modify_date, orders, name, parameter_group) values(129, '${date?string("yyyy-MM-dd HH:mm:ss")}', '${date?string("yyyy-MM-dd HH:mm:ss")}', 9, '皮质', 9)
insert into xx_parameter (id, create_date, modify_date, orders, name, parameter_group) values(130, '${date?string("yyyy-MM-dd HH:mm:ss")}', '${date?string("yyyy-MM-dd HH:mm:ss")}', 10, '制作工艺', 9)
insert into xx_parameter (id, create_date, modify_date, orders, name, parameter_group) values(131, '${date?string("yyyy-MM-dd HH:mm:ss")}', '${date?string("yyyy-MM-dd HH:mm:ss")}', 11, '流行元素/工艺', 9)
insert into xx_parameter (id, create_date, modify_date, orders, name, parameter_group) values(132, '${date?string("yyyy-MM-dd HH:mm:ss")}', '${date?string("yyyy-MM-dd HH:mm:ss")}', 1, '板型', 10)
insert into xx_parameter (id, create_date, modify_date, orders, name, parameter_group) values(133, '${date?string("yyyy-MM-dd HH:mm:ss")}', '${date?string("yyyy-MM-dd HH:mm:ss")}', 2, '风格', 10)
insert into xx_parameter (id, create_date, modify_date, orders, name, parameter_group) values(134, '${date?string("yyyy-MM-dd HH:mm:ss")}', '${date?string("yyyy-MM-dd HH:mm:ss")}', 3, '通勤', 10)
insert into xx_parameter (id, create_date, modify_date, orders, name, parameter_group) values(135, '${date?string("yyyy-MM-dd HH:mm:ss")}', '${date?string("yyyy-MM-dd HH:mm:ss")}', 4, '穿着方式', 10)
insert into xx_parameter (id, create_date, modify_date, orders, name, parameter_group) values(136, '${date?string("yyyy-MM-dd HH:mm:ss")}', '${date?string("yyyy-MM-dd HH:mm:ss")}', 5, '组合形式', 10)
insert into xx_parameter (id, create_date, modify_date, orders, name, parameter_group) values(137, '${date?string("yyyy-MM-dd HH:mm:ss")}', '${date?string("yyyy-MM-dd HH:mm:ss")}', 6, '衣长', 10)
insert into xx_parameter (id, create_date, modify_date, orders, name, parameter_group) values(138, '${date?string("yyyy-MM-dd HH:mm:ss")}', '${date?string("yyyy-MM-dd HH:mm:ss")}', 7, '袖长', 10)
insert into xx_parameter (id, create_date, modify_date, orders, name, parameter_group) values(139, '${date?string("yyyy-MM-dd HH:mm:ss")}', '${date?string("yyyy-MM-dd HH:mm:ss")}', 8, '领型', 10)
insert into xx_parameter (id, create_date, modify_date, orders, name, parameter_group) values(140, '${date?string("yyyy-MM-dd HH:mm:ss")}', '${date?string("yyyy-MM-dd HH:mm:ss")}', 9, '袖型', 10)
insert into xx_parameter (id, create_date, modify_date, orders, name, parameter_group) values(141, '${date?string("yyyy-MM-dd HH:mm:ss")}', '${date?string("yyyy-MM-dd HH:mm:ss")}', 10, '图案', 10)
insert into xx_parameter (id, create_date, modify_date, orders, name, parameter_group) values(142, '${date?string("yyyy-MM-dd HH:mm:ss")}', '${date?string("yyyy-MM-dd HH:mm:ss")}', 11, '款式细节', 10)

insert into xx_attribute (id, create_date, modify_date, orders, name, property_index, product_category) values(1, '${date?string("yyyy-MM-dd HH:mm:ss")}', '${date?string("yyyy-MM-dd HH:mm:ss")}', 1, '材质', 0, 11)
insert into xx_attribute (id, create_date, modify_date, orders, name, property_index, product_category) values(2, '${date?string("yyyy-MM-dd HH:mm:ss")}', '${date?string("yyyy-MM-dd HH:mm:ss")}', 2, '裙长', 1, 11)
insert into xx_attribute (id, create_date, modify_date, orders, name, property_index, product_category) values(3, '${date?string("yyyy-MM-dd HH:mm:ss")}', '${date?string("yyyy-MM-dd HH:mm:ss")}', 3, '领型', 2, 11)
insert into xx_attribute (id, create_date, modify_date, orders, name, property_index, product_category) values(4, '${date?string("yyyy-MM-dd HH:mm:ss")}', '${date?string("yyyy-MM-dd HH:mm:ss")}', 4, '腰型', 3, 11)
insert into xx_attribute (id, create_date, modify_date, orders, name, property_index, product_category) values(5, '${date?string("yyyy-MM-dd HH:mm:ss")}', '${date?string("yyyy-MM-dd HH:mm:ss")}', 5, '袖型', 0, 12)
insert into xx_attribute (id, create_date, modify_date, orders, name, property_index, product_category) values(6, '${date?string("yyyy-MM-dd HH:mm:ss")}', '${date?string("yyyy-MM-dd HH:mm:ss")}', 6, '组合形式', 1, 12)
insert into xx_attribute (id, create_date, modify_date, orders, name, property_index, product_category) values(7, '${date?string("yyyy-MM-dd HH:mm:ss")}', '${date?string("yyyy-MM-dd HH:mm:ss")}', 7, '衣门襟', 2, 12)
insert into xx_attribute (id, create_date, modify_date, orders, name, property_index, product_category) values(8, '${date?string("yyyy-MM-dd HH:mm:ss")}', '${date?string("yyyy-MM-dd HH:mm:ss")}', 8, '厚薄', 3, 12)
insert into xx_attribute (id, create_date, modify_date, orders, name, property_index, product_category) values(9, '${date?string("yyyy-MM-dd HH:mm:ss")}', '${date?string("yyyy-MM-dd HH:mm:ss")}', 9, '袖长', 0, 13)
insert into xx_attribute (id, create_date, modify_date, orders, name, property_index, product_category) values(10, '${date?string("yyyy-MM-dd HH:mm:ss")}', '${date?string("yyyy-MM-dd HH:mm:ss")}', 10, '版型', 1, 13)
insert into xx_attribute (id, create_date, modify_date, orders, name, property_index, product_category) values(11, '${date?string("yyyy-MM-dd HH:mm:ss")}', '${date?string("yyyy-MM-dd HH:mm:ss")}', 11, '衣长', 2, 13)
insert into xx_attribute (id, create_date, modify_date, orders, name, property_index, product_category) values(12, '${date?string("yyyy-MM-dd HH:mm:ss")}', '${date?string("yyyy-MM-dd HH:mm:ss")}', 12, '厚薄', 3, 13)
insert into xx_attribute (id, create_date, modify_date, orders, name, property_index, product_category) values(13, '${date?string("yyyy-MM-dd HH:mm:ss")}', '${date?string("yyyy-MM-dd HH:mm:ss")}', 13, '衣长', 0, 14)
insert into xx_attribute (id, create_date, modify_date, orders, name, property_index, product_category) values(14, '${date?string("yyyy-MM-dd HH:mm:ss")}', '${date?string("yyyy-MM-dd HH:mm:ss")}', 14, '版型', 1, 14)
insert into xx_attribute (id, create_date, modify_date, orders, name, property_index, product_category) values(15, '${date?string("yyyy-MM-dd HH:mm:ss")}', '${date?string("yyyy-MM-dd HH:mm:ss")}', 15, '衣门襟', 2, 14)
insert into xx_attribute (id, create_date, modify_date, orders, name, property_index, product_category) values(16, '${date?string("yyyy-MM-dd HH:mm:ss")}', '${date?string("yyyy-MM-dd HH:mm:ss")}', 16, '款型', 0, 15)
insert into xx_attribute (id, create_date, modify_date, orders, name, property_index, product_category) values(17, '${date?string("yyyy-MM-dd HH:mm:ss")}', '${date?string("yyyy-MM-dd HH:mm:ss")}', 17, '裤长', 1, 15)
insert into xx_attribute (id, create_date, modify_date, orders, name, property_index, product_category) values(18, '${date?string("yyyy-MM-dd HH:mm:ss")}', '${date?string("yyyy-MM-dd HH:mm:ss")}', 18, '裤腰', 2, 15)
insert into xx_attribute (id, create_date, modify_date, orders, name, property_index, product_category) values(19, '${date?string("yyyy-MM-dd HH:mm:ss")}', '${date?string("yyyy-MM-dd HH:mm:ss")}', 19, '面料', 3, 15)
insert into xx_attribute (id, create_date, modify_date, orders, name, property_index, product_category) values(20, '${date?string("yyyy-MM-dd HH:mm:ss")}', '${date?string("yyyy-MM-dd HH:mm:ss")}', 20, '袖长', 0, 16)
insert into xx_attribute (id, create_date, modify_date, orders, name, property_index, product_category) values(21, '${date?string("yyyy-MM-dd HH:mm:ss")}', '${date?string("yyyy-MM-dd HH:mm:ss")}', 21, '主材质', 1, 16)
insert into xx_attribute (id, create_date, modify_date, orders, name, property_index, product_category) values(22, '${date?string("yyyy-MM-dd HH:mm:ss")}', '${date?string("yyyy-MM-dd HH:mm:ss")}', 22, '领型', 2, 16)
insert into xx_attribute (id, create_date, modify_date, orders, name, property_index, product_category) values(23, '${date?string("yyyy-MM-dd HH:mm:ss")}', '${date?string("yyyy-MM-dd HH:mm:ss")}', 23, '衣长', 3, 16)
insert into xx_attribute (id, create_date, modify_date, orders, name, property_index, product_category) values(24, '${date?string("yyyy-MM-dd HH:mm:ss")}', '${date?string("yyyy-MM-dd HH:mm:ss")}', 24, '板型', 0, 17)
insert into xx_attribute (id, create_date, modify_date, orders, name, property_index, product_category) values(25, '${date?string("yyyy-MM-dd HH:mm:ss")}', '${date?string("yyyy-MM-dd HH:mm:ss")}', 25, '主材质', 1, 17)
insert into xx_attribute (id, create_date, modify_date, orders, name, property_index, product_category) values(26, '${date?string("yyyy-MM-dd HH:mm:ss")}', '${date?string("yyyy-MM-dd HH:mm:ss")}', 26, '风格', 2, 17)
insert into xx_attribute (id, create_date, modify_date, orders, name, property_index, product_category) values(27, '${date?string("yyyy-MM-dd HH:mm:ss")}', '${date?string("yyyy-MM-dd HH:mm:ss")}', 27, '衣长', 3, 17)
insert into xx_attribute (id, create_date, modify_date, orders, name, property_index, product_category) values(28, '${date?string("yyyy-MM-dd HH:mm:ss")}', '${date?string("yyyy-MM-dd HH:mm:ss")}', 28, '衣长', 0, 18)
insert into xx_attribute (id, create_date, modify_date, orders, name, property_index, product_category) values(29, '${date?string("yyyy-MM-dd HH:mm:ss")}', '${date?string("yyyy-MM-dd HH:mm:ss")}', 29, '板型', 1, 18)
insert into xx_attribute (id, create_date, modify_date, orders, name, property_index, product_category) values(30, '${date?string("yyyy-MM-dd HH:mm:ss")}', '${date?string("yyyy-MM-dd HH:mm:ss")}', 30, '袖长', 2, 18)
insert into xx_attribute (id, create_date, modify_date, orders, name, property_index, product_category) values(31, '${date?string("yyyy-MM-dd HH:mm:ss")}', '${date?string("yyyy-MM-dd HH:mm:ss")}', 31, '风格', 3, 18)
insert into xx_attribute (id, create_date, modify_date, orders, name, property_index, product_category) values(32, '${date?string("yyyy-MM-dd HH:mm:ss")}', '${date?string("yyyy-MM-dd HH:mm:ss")}', 32, '款式', 0, 19)
insert into xx_attribute (id, create_date, modify_date, orders, name, property_index, product_category) values(33, '${date?string("yyyy-MM-dd HH:mm:ss")}', '${date?string("yyyy-MM-dd HH:mm:ss")}', 33, '袖长', 1, 19)
insert into xx_attribute (id, create_date, modify_date, orders, name, property_index, product_category) values(34, '${date?string("yyyy-MM-dd HH:mm:ss")}', '${date?string("yyyy-MM-dd HH:mm:ss")}', 34, '组合形式', 2, 19)
insert into xx_attribute (id, create_date, modify_date, orders, name, property_index, product_category) values(35, '${date?string("yyyy-MM-dd HH:mm:ss")}', '${date?string("yyyy-MM-dd HH:mm:ss")}', 35, '厚薄', 3, 19)
insert into xx_attribute (id, create_date, modify_date, orders, name, property_index, product_category) values(36, '${date?string("yyyy-MM-dd HH:mm:ss")}', '${date?string("yyyy-MM-dd HH:mm:ss")}', 36, '款型', 0, 20)
insert into xx_attribute (id, create_date, modify_date, orders, name, property_index, product_category) values(37, '${date?string("yyyy-MM-dd HH:mm:ss")}', '${date?string("yyyy-MM-dd HH:mm:ss")}', 37, '裤腰', 1, 20)
insert into xx_attribute (id, create_date, modify_date, orders, name, property_index, product_category) values(38, '${date?string("yyyy-MM-dd HH:mm:ss")}', '${date?string("yyyy-MM-dd HH:mm:ss")}', 38, '厚薄', 2, 20)
insert into xx_attribute (id, create_date, modify_date, orders, name, property_index, product_category) values(39, '${date?string("yyyy-MM-dd HH:mm:ss")}', '${date?string("yyyy-MM-dd HH:mm:ss")}', 39, '厚薄', 0, 21)
insert into xx_attribute (id, create_date, modify_date, orders, name, property_index, product_category) values(40, '${date?string("yyyy-MM-dd HH:mm:ss")}', '${date?string("yyyy-MM-dd HH:mm:ss")}', 40, '款式', 1, 21)
insert into xx_attribute (id, create_date, modify_date, orders, name, property_index, product_category) values(41, '${date?string("yyyy-MM-dd HH:mm:ss")}', '${date?string("yyyy-MM-dd HH:mm:ss")}', 41, '领型', 2, 21)
insert into xx_attribute (id, create_date, modify_date, orders, name, property_index, product_category) values(42, '${date?string("yyyy-MM-dd HH:mm:ss")}', '${date?string("yyyy-MM-dd HH:mm:ss")}', 42, '材质', 3, 21)
insert into xx_attribute (id, create_date, modify_date, orders, name, property_index, product_category) values(43, '${date?string("yyyy-MM-dd HH:mm:ss")}', '${date?string("yyyy-MM-dd HH:mm:ss")}', 43, '袖长', 0, 22)
insert into xx_attribute (id, create_date, modify_date, orders, name, property_index, product_category) values(44, '${date?string("yyyy-MM-dd HH:mm:ss")}', '${date?string("yyyy-MM-dd HH:mm:ss")}', 44, '风格', 1, 22)
insert into xx_attribute (id, create_date, modify_date, orders, name, property_index, product_category) values(45, '${date?string("yyyy-MM-dd HH:mm:ss")}', '${date?string("yyyy-MM-dd HH:mm:ss")}', 45, '风格', 0, 23)
insert into xx_attribute (id, create_date, modify_date, orders, name, property_index, product_category) values(46, '${date?string("yyyy-MM-dd HH:mm:ss")}', '${date?string("yyyy-MM-dd HH:mm:ss")}', 46, '款式', 1, 23)
insert into xx_attribute (id, create_date, modify_date, orders, name, property_index, product_category) values(47, '${date?string("yyyy-MM-dd HH:mm:ss")}', '${date?string("yyyy-MM-dd HH:mm:ss")}', 47, '裤长', 2, 23)
insert into xx_attribute (id, create_date, modify_date, orders, name, property_index, product_category) values(48, '${date?string("yyyy-MM-dd HH:mm:ss")}', '${date?string("yyyy-MM-dd HH:mm:ss")}', 48, '裤长', 0, 24)
insert into xx_attribute (id, create_date, modify_date, orders, name, property_index, product_category) values(49, '${date?string("yyyy-MM-dd HH:mm:ss")}', '${date?string("yyyy-MM-dd HH:mm:ss")}', 49, '裤型', 1, 24)
insert into xx_attribute (id, create_date, modify_date, orders, name, property_index, product_category) values(50, '${date?string("yyyy-MM-dd HH:mm:ss")}', '${date?string("yyyy-MM-dd HH:mm:ss")}', 50, '风格', 2, 24)
insert into xx_attribute (id, create_date, modify_date, orders, name, property_index, product_category) values(51, '${date?string("yyyy-MM-dd HH:mm:ss")}', '${date?string("yyyy-MM-dd HH:mm:ss")}', 51, '领型', 0, 25)
insert into xx_attribute (id, create_date, modify_date, orders, name, property_index, product_category) values(52, '${date?string("yyyy-MM-dd HH:mm:ss")}', '${date?string("yyyy-MM-dd HH:mm:ss")}', 52, '风格', 1, 25)
insert into xx_attribute (id, create_date, modify_date, orders, name, property_index, product_category) values(53, '${date?string("yyyy-MM-dd HH:mm:ss")}', '${date?string("yyyy-MM-dd HH:mm:ss")}', 53, '袖长', 2, 25)
insert into xx_attribute (id, create_date, modify_date, orders, name, property_index, product_category) values(54, '${date?string("yyyy-MM-dd HH:mm:ss")}', '${date?string("yyyy-MM-dd HH:mm:ss")}', 54, '袖长', 0, 26)
insert into xx_attribute (id, create_date, modify_date, orders, name, property_index, product_category) values(55, '${date?string("yyyy-MM-dd HH:mm:ss")}', '${date?string("yyyy-MM-dd HH:mm:ss")}', 55, '风格', 1, 26)
insert into xx_attribute (id, create_date, modify_date, orders, name, property_index, product_category) values(56, '${date?string("yyyy-MM-dd HH:mm:ss")}', '${date?string("yyyy-MM-dd HH:mm:ss")}', 56, '板型', 2, 26)
insert into xx_attribute (id, create_date, modify_date, orders, name, property_index, product_category) values(57, '${date?string("yyyy-MM-dd HH:mm:ss")}', '${date?string("yyyy-MM-dd HH:mm:ss")}', 57, '风格', 0, 27)
insert into xx_attribute (id, create_date, modify_date, orders, name, property_index, product_category) values(58, '${date?string("yyyy-MM-dd HH:mm:ss")}', '${date?string("yyyy-MM-dd HH:mm:ss")}', 58, '版型', 1, 27)
insert into xx_attribute (id, create_date, modify_date, orders, name, property_index, product_category) values(59, '${date?string("yyyy-MM-dd HH:mm:ss")}', '${date?string("yyyy-MM-dd HH:mm:ss")}', 59, '风格', 0, 28)
insert into xx_attribute (id, create_date, modify_date, orders, name, property_index, product_category) values(60, '${date?string("yyyy-MM-dd HH:mm:ss")}', '${date?string("yyyy-MM-dd HH:mm:ss")}', 60, '裤长', 1, 28)
insert into xx_attribute (id, create_date, modify_date, orders, name, property_index, product_category) values(61, '${date?string("yyyy-MM-dd HH:mm:ss")}', '${date?string("yyyy-MM-dd HH:mm:ss")}', 61, '衣长', 0, 29)
insert into xx_attribute (id, create_date, modify_date, orders, name, property_index, product_category) values(62, '${date?string("yyyy-MM-dd HH:mm:ss")}', '${date?string("yyyy-MM-dd HH:mm:ss")}', 62, '风格', 1, 29)
insert into xx_attribute (id, create_date, modify_date, orders, name, property_index, product_category) values(63, '${date?string("yyyy-MM-dd HH:mm:ss")}', '${date?string("yyyy-MM-dd HH:mm:ss")}', 63, '板型', 2, 29)
insert into xx_attribute (id, create_date, modify_date, orders, name, property_index, product_category) values(64, '${date?string("yyyy-MM-dd HH:mm:ss")}', '${date?string("yyyy-MM-dd HH:mm:ss")}', 64, '领型', 3, 29)
insert into xx_attribute (id, create_date, modify_date, orders, name, property_index, product_category) values(65, '${date?string("yyyy-MM-dd HH:mm:ss")}', '${date?string("yyyy-MM-dd HH:mm:ss")}', 65, '款式', 0, 30)
insert into xx_attribute (id, create_date, modify_date, orders, name, property_index, product_category) values(66, '${date?string("yyyy-MM-dd HH:mm:ss")}', '${date?string("yyyy-MM-dd HH:mm:ss")}', 66, '领型', 1, 30)
insert into xx_attribute (id, create_date, modify_date, orders, name, property_index, product_category) values(67, '${date?string("yyyy-MM-dd HH:mm:ss")}', '${date?string("yyyy-MM-dd HH:mm:ss")}', 67, '风格', 2, 30)

insert into xx_attribute_option (attribute, options) values(1, '雪纺')
insert into xx_attribute_option (attribute, options) values(1, '蕾丝')
insert into xx_attribute_option (attribute, options) values(1, '织锦')
insert into xx_attribute_option (attribute, options) values(1, '牛仔')
insert into xx_attribute_option (attribute, options) values(1, '绸缎')
insert into xx_attribute_option (attribute, options) values(1, '乔其纱')
insert into xx_attribute_option (attribute, options) values(1, '双绉')
insert into xx_attribute_option (attribute, options) values(1, '府绸')
insert into xx_attribute_option (attribute, options) values(1, '其他')
insert into xx_attribute_option (attribute, options) values(2, '超短裙')
insert into xx_attribute_option (attribute, options) values(2, '短裙')
insert into xx_attribute_option (attribute, options) values(2, '中裙')
insert into xx_attribute_option (attribute, options) values(2, '中长裙')
insert into xx_attribute_option (attribute, options) values(2, '长裙')
insert into xx_attribute_option (attribute, options) values(3, '圆领')
insert into xx_attribute_option (attribute, options) values(3, 'V领')
insert into xx_attribute_option (attribute, options) values(3, '一字领')
insert into xx_attribute_option (attribute, options) values(3, '翻领')
insert into xx_attribute_option (attribute, options) values(3, '荷叶领')
insert into xx_attribute_option (attribute, options) values(3, '双层领')
insert into xx_attribute_option (attribute, options) values(3, '立领')
insert into xx_attribute_option (attribute, options) values(3, '方领')
insert into xx_attribute_option (attribute, options) values(3, '堆堆领')
insert into xx_attribute_option (attribute, options) values(3, '连帽')
insert into xx_attribute_option (attribute, options) values(3, '娃娃领')
insert into xx_attribute_option (attribute, options) values(3, '西装领')
insert into xx_attribute_option (attribute, options) values(4, '中腰')
insert into xx_attribute_option (attribute, options) values(4, '高腰')
insert into xx_attribute_option (attribute, options) values(4, '宽松腰')
insert into xx_attribute_option (attribute, options) values(4, '松紧腰')
insert into xx_attribute_option (attribute, options) values(4, '低腰')
insert into xx_attribute_option (attribute, options) values(5, '常规袖')
insert into xx_attribute_option (attribute, options) values(5, '蝙蝠袖')
insert into xx_attribute_option (attribute, options) values(5, '泡泡袖')
insert into xx_attribute_option (attribute, options) values(5, '插肩袖')
insert into xx_attribute_option (attribute, options) values(5, '包袖')
insert into xx_attribute_option (attribute, options) values(5, '灯笼袖')
insert into xx_attribute_option (attribute, options) values(5, '荷叶袖')
insert into xx_attribute_option (attribute, options) values(5, '喇叭袖')
insert into xx_attribute_option (attribute, options) values(5, '公主袖')
insert into xx_attribute_option (attribute, options) values(5, '衬衫袖')
insert into xx_attribute_option (attribute, options) values(6, '单件套')
insert into xx_attribute_option (attribute, options) values(6, '假两件套')
insert into xx_attribute_option (attribute, options) values(6, '两件套')
insert into xx_attribute_option (attribute, options) values(7, '单排扣')
insert into xx_attribute_option (attribute, options) values(7, '一粒扣')
insert into xx_attribute_option (attribute, options) values(7, '拉链')
insert into xx_attribute_option (attribute, options) values(7, '双排扣')
insert into xx_attribute_option (attribute, options) values(8, '超薄')
insert into xx_attribute_option (attribute, options) values(8, '薄')
insert into xx_attribute_option (attribute, options) values(8, '适中')
insert into xx_attribute_option (attribute, options) values(8, '厚')
insert into xx_attribute_option (attribute, options) values(8, '加厚')
insert into xx_attribute_option (attribute, options) values(9, '短袖')
insert into xx_attribute_option (attribute, options) values(9, '五分袖')
insert into xx_attribute_option (attribute, options) values(9, '七分袖')
insert into xx_attribute_option (attribute, options) values(9, '九分袖')
insert into xx_attribute_option (attribute, options) values(9, '无袖')
insert into xx_attribute_option (attribute, options) values(10, '修身型')
insert into xx_attribute_option (attribute, options) values(10, '直筒型')
insert into xx_attribute_option (attribute, options) values(10, '高腰型')
insert into xx_attribute_option (attribute, options) values(10, '斗篷型')
insert into xx_attribute_option (attribute, options) values(10, '蝙蝠型')
insert into xx_attribute_option (attribute, options) values(10, '披肩型')
insert into xx_attribute_option (attribute, options) values(11, '超短款')
insert into xx_attribute_option (attribute, options) values(11, '短款')
insert into xx_attribute_option (attribute, options) values(11, '常规款')
insert into xx_attribute_option (attribute, options) values(11, '中长款')
insert into xx_attribute_option (attribute, options) values(12, '薄款')
insert into xx_attribute_option (attribute, options) values(12, '普通')
insert into xx_attribute_option (attribute, options) values(12, '加厚')
insert into xx_attribute_option (attribute, options) values(12, '抓绒')
insert into xx_attribute_option (attribute, options) values(13, '短款')
insert into xx_attribute_option (attribute, options) values(13, '常规款')
insert into xx_attribute_option (attribute, options) values(13, '中长款')
insert into xx_attribute_option (attribute, options) values(14, '修身型')
insert into xx_attribute_option (attribute, options) values(14, '直筒型')
insert into xx_attribute_option (attribute, options) values(14, '宽松型')
insert into xx_attribute_option (attribute, options) values(15, '一粒扣')
insert into xx_attribute_option (attribute, options) values(15, '单排扣')
insert into xx_attribute_option (attribute, options) values(15, '双排扣')
insert into xx_attribute_option (attribute, options) values(15, '暗扣')
insert into xx_attribute_option (attribute, options) values(15, '拉链')
insert into xx_attribute_option (attribute, options) values(15, '系带')
insert into xx_attribute_option (attribute, options) values(17, '长裤')
insert into xx_attribute_option (attribute, options) values(17, '中裤')
insert into xx_attribute_option (attribute, options) values(17, '七分裤')
insert into xx_attribute_option (attribute, options) values(17, '九分裤')
insert into xx_attribute_option (attribute, options) values(17, '短裤')
insert into xx_attribute_option (attribute, options) values(16, '直筒裤')
insert into xx_attribute_option (attribute, options) values(16, '微喇裤')
insert into xx_attribute_option (attribute, options) values(16, '垮裤')
insert into xx_attribute_option (attribute, options) values(16, '背带裤')
insert into xx_attribute_option (attribute, options) values(18, '低腰')
insert into xx_attribute_option (attribute, options) values(18, '中腰')
insert into xx_attribute_option (attribute, options) values(18, '高腰')
insert into xx_attribute_option (attribute, options) values(19, '全棉牛仔布')
insert into xx_attribute_option (attribute, options) values(19, '棉弹牛仔布')
insert into xx_attribute_option (attribute, options) values(19, '加厚牛仔布')
insert into xx_attribute_option (attribute, options) values(19, '薄牛仔布')
insert into xx_attribute_option (attribute, options) values(20, '短袖')
insert into xx_attribute_option (attribute, options) values(20, '长袖')
insert into xx_attribute_option (attribute, options) values(20, '无袖')
insert into xx_attribute_option (attribute, options) values(20, '中袖')
insert into xx_attribute_option (attribute, options) values(20, '五分袖')
insert into xx_attribute_option (attribute, options) values(20, '七分袖')
insert into xx_attribute_option (attribute, options) values(21, '棉')
insert into xx_attribute_option (attribute, options) values(21, '涤纶')
insert into xx_attribute_option (attribute, options) values(21, '聚酯纤维')
insert into xx_attribute_option (attribute, options) values(21, '粘胶')
insert into xx_attribute_option (attribute, options) values(21, '氨纶')
insert into xx_attribute_option (attribute, options) values(21, '锦纶')
insert into xx_attribute_option (attribute, options) values(21, '莫代尔')
insert into xx_attribute_option (attribute, options) values(21, '蚕丝')
insert into xx_attribute_option (attribute, options) values(21, '腈纶')
insert into xx_attribute_option (attribute, options) values(21, '麻')
insert into xx_attribute_option (attribute, options) values(22, '圆领')
insert into xx_attribute_option (attribute, options) values(22, 'V领')
insert into xx_attribute_option (attribute, options) values(22, '立领')
insert into xx_attribute_option (attribute, options) values(22, '方领')
insert into xx_attribute_option (attribute, options) values(22, '高领')
insert into xx_attribute_option (attribute, options) values(22, '翻领')
insert into xx_attribute_option (attribute, options) values(22, '一字领')
insert into xx_attribute_option (attribute, options) values(23, '短款')
insert into xx_attribute_option (attribute, options) values(23, '常规款')
insert into xx_attribute_option (attribute, options) values(23, '中长款')
insert into xx_attribute_option (attribute, options) values(24, '修身型')
insert into xx_attribute_option (attribute, options) values(24, '高腰型')
insert into xx_attribute_option (attribute, options) values(24, '直筒型')
insert into xx_attribute_option (attribute, options) values(25, '羊毛')
insert into xx_attribute_option (attribute, options) values(25, '涤纶')
insert into xx_attribute_option (attribute, options) values(25, '棉')
insert into xx_attribute_option (attribute, options) values(25, '麻')
insert into xx_attribute_option (attribute, options) values(25, '氨纶')
insert into xx_attribute_option (attribute, options) values(26, '原创')
insert into xx_attribute_option (attribute, options) values(26, '百搭')
insert into xx_attribute_option (attribute, options) values(26, '通勤')
insert into xx_attribute_option (attribute, options) values(26, '街头')
insert into xx_attribute_option (attribute, options) values(26, '甜美')
insert into xx_attribute_option (attribute, options) values(27, '短款')
insert into xx_attribute_option (attribute, options) values(27, '中长款')
insert into xx_attribute_option (attribute, options) values(27, '长款')
insert into xx_attribute_option (attribute, options) values(29, '修身型')
insert into xx_attribute_option (attribute, options) values(29, '高腰型')
insert into xx_attribute_option (attribute, options) values(29, '蝙蝠型')
insert into xx_attribute_option (attribute, options) values(29, '裙摆型')
insert into xx_attribute_option (attribute, options) values(29, '直筒型')
insert into xx_attribute_option (attribute, options) values(28, '中长款')
insert into xx_attribute_option (attribute, options) values(28, '长款')
insert into xx_attribute_option (attribute, options) values(28, '加长款')
insert into xx_attribute_option (attribute, options) values(30, '长袖')
insert into xx_attribute_option (attribute, options) values(30, '五分袖')
insert into xx_attribute_option (attribute, options) values(30, '七分袖')
insert into xx_attribute_option (attribute, options) values(30, '九分袖')
insert into xx_attribute_option (attribute, options) values(30, '短袖')
insert into xx_attribute_option (attribute, options) values(30, '无袖')
insert into xx_attribute_option (attribute, options) values(31, '通勤')
insert into xx_attribute_option (attribute, options) values(31, '街头')
insert into xx_attribute_option (attribute, options) values(31, '甜美')
insert into xx_attribute_option (attribute, options) values(33, '短袖')
insert into xx_attribute_option (attribute, options) values(33, '长袖')
insert into xx_attribute_option (attribute, options) values(33, '七分袖')
insert into xx_attribute_option (attribute, options) values(33, '九分袖')
insert into xx_attribute_option (attribute, options) values(33, '中袖')
insert into xx_attribute_option (attribute, options) values(33, '无袖')
insert into xx_attribute_option (attribute, options) values(32, '套头')
insert into xx_attribute_option (attribute, options) values(32, '开衫')
insert into xx_attribute_option (attribute, options) values(34, '单件套')
insert into xx_attribute_option (attribute, options) values(34, '上下套')
insert into xx_attribute_option (attribute, options) values(34, '假两件套')
insert into xx_attribute_option (attribute, options) values(35, '普通')
insert into xx_attribute_option (attribute, options) values(35, '薄款')
insert into xx_attribute_option (attribute, options) values(35, '抓绒')
insert into xx_attribute_option (attribute, options) values(35, '加厚')
insert into xx_attribute_option (attribute, options) values(35, '棉内胆')
insert into xx_attribute_option (attribute, options) values(35, '毛内胆')
insert into xx_attribute_option (attribute, options) values(36, '铅笔裤')
insert into xx_attribute_option (attribute, options) values(36, '直筒裤')
insert into xx_attribute_option (attribute, options) values(36, '微喇裤')
insert into xx_attribute_option (attribute, options) values(36, '阔腿裤')
insert into xx_attribute_option (attribute, options) values(36, '哈伦裤')
insert into xx_attribute_option (attribute, options) values(37, '低腰')
insert into xx_attribute_option (attribute, options) values(37, '中腰')
insert into xx_attribute_option (attribute, options) values(37, '高腰')
insert into xx_attribute_option (attribute, options) values(38, '超薄')
insert into xx_attribute_option (attribute, options) values(38, '薄款')
insert into xx_attribute_option (attribute, options) values(38, '普通')
insert into xx_attribute_option (attribute, options) values(38, '加厚')
insert into xx_attribute_option (attribute, options) values(39, '普通')
insert into xx_attribute_option (attribute, options) values(39, '薄款')
insert into xx_attribute_option (attribute, options) values(39, '加厚')
insert into xx_attribute_option (attribute, options) values(40, '套头')
insert into xx_attribute_option (attribute, options) values(40, '开衫')
insert into xx_attribute_option (attribute, options) values(41, 'V领')
insert into xx_attribute_option (attribute, options) values(41, '圆领')
insert into xx_attribute_option (attribute, options) values(41, '翻领')
insert into xx_attribute_option (attribute, options) values(41, '半高领')
insert into xx_attribute_option (attribute, options) values(41, '高翻领')
insert into xx_attribute_option (attribute, options) values(41, '连帽')
insert into xx_attribute_option (attribute, options) values(41, '门筒领')
insert into xx_attribute_option (attribute, options) values(41, '蹲领/堆堆领')
insert into xx_attribute_option (attribute, options) values(41, '不可翻高领')
insert into xx_attribute_option (attribute, options) values(42, '纯棉')
insert into xx_attribute_option (attribute, options) values(42, '棉质混纺')
insert into xx_attribute_option (attribute, options) values(42, '人造纤维')
insert into xx_attribute_option (attribute, options) values(42, '丝')
insert into xx_attribute_option (attribute, options) values(43, '短袖')
insert into xx_attribute_option (attribute, options) values(43, '长袖 ')
insert into xx_attribute_option (attribute, options) values(44, '商务休闲')
insert into xx_attribute_option (attribute, options) values(44, '嘻哈风格')
insert into xx_attribute_option (attribute, options) values(44, '英伦风格')
insert into xx_attribute_option (attribute, options) values(44, '运动风格')
insert into xx_attribute_option (attribute, options) values(45, '时尚休闲')
insert into xx_attribute_option (attribute, options) values(45, '商务休闲')
insert into xx_attribute_option (attribute, options) values(45, '青春休闲')
insert into xx_attribute_option (attribute, options) values(45, '日韩个性')
insert into xx_attribute_option (attribute, options) values(45, '英伦风格')
insert into xx_attribute_option (attribute, options) values(45, '运动风格')
insert into xx_attribute_option (attribute, options) values(45, '学院风格')
insert into xx_attribute_option (attribute, options) values(45, '嘻哈风格')
insert into xx_attribute_option (attribute, options) values(45, '欧美风格')
insert into xx_attribute_option (attribute, options) values(45, '原创设计')
insert into xx_attribute_option (attribute, options) values(46, '修身裤')
insert into xx_attribute_option (attribute, options) values(46, '直筒裤')
insert into xx_attribute_option (attribute, options) values(46, '宽松裤')
insert into xx_attribute_option (attribute, options) values(46, '工装裤')
insert into xx_attribute_option (attribute, options) values(46, '锥形裤 ')
insert into xx_attribute_option (attribute, options) values(46, '低裆跨裤')
insert into xx_attribute_option (attribute, options) values(46, '运动裤/卫裤 ')
insert into xx_attribute_option (attribute, options) values(46, '哈伦裤')
insert into xx_attribute_option (attribute, options) values(47, '长裤')
insert into xx_attribute_option (attribute, options) values(47, '九分裤')
insert into xx_attribute_option (attribute, options) values(47, '七分裤')
insert into xx_attribute_option (attribute, options) values(47, '短裤')
insert into xx_attribute_option (attribute, options) values(48, '长裤')
insert into xx_attribute_option (attribute, options) values(48, '九分裤')
insert into xx_attribute_option (attribute, options) values(49, '直筒型')
insert into xx_attribute_option (attribute, options) values(49, '修身型')
insert into xx_attribute_option (attribute, options) values(49, '宽松型 ')
insert into xx_attribute_option (attribute, options) values(49, '锥形裤')
insert into xx_attribute_option (attribute, options) values(49, '低裆跨裤')
insert into xx_attribute_option (attribute, options) values(49, '立体剪裁 ')
insert into xx_attribute_option (attribute, options) values(49, '哈伦裤')
insert into xx_attribute_option (attribute, options) values(50, '时尚休闲')
insert into xx_attribute_option (attribute, options) values(50, '商务休闲')
insert into xx_attribute_option (attribute, options) values(50, '青春休闲')
insert into xx_attribute_option (attribute, options) values(50, '日韩个性')
insert into xx_attribute_option (attribute, options) values(50, '英伦风格')
insert into xx_attribute_option (attribute, options) values(50, '街头潮流')
insert into xx_attribute_option (attribute, options) values(50, '欧美风格')
insert into xx_attribute_option (attribute, options) values(50, '运动风格 ')
insert into xx_attribute_option (attribute, options) values(50, '工装牛仔 ')
insert into xx_attribute_option (attribute, options) values(50, '学院风格 ')
insert into xx_attribute_option (attribute, options) values(50, '商务正装')
insert into xx_attribute_option (attribute, options) values(50, '嘻哈风格')
insert into xx_attribute_option (attribute, options) values(50, '原创设计')
insert into xx_attribute_option (attribute, options) values(50, '复古经典')
insert into xx_attribute_option (attribute, options) values(51, '圆领 ')
insert into xx_attribute_option (attribute, options) values(51, 'V领')
insert into xx_attribute_option (attribute, options) values(51, '连帽')
insert into xx_attribute_option (attribute, options) values(51, '翻领 ')
insert into xx_attribute_option (attribute, options) values(51, '衬衫领 ')
insert into xx_attribute_option (attribute, options) values(51, '门筒领')
insert into xx_attribute_option (attribute, options) values(51, '半高领')
insert into xx_attribute_option (attribute, options) values(51, '其它')
insert into xx_attribute_option (attribute, options) values(52, '时尚休闲')
insert into xx_attribute_option (attribute, options) values(52, '商务休闲 ')
insert into xx_attribute_option (attribute, options) values(52, '英伦风格')
insert into xx_attribute_option (attribute, options) values(52, '欧美风格')
insert into xx_attribute_option (attribute, options) values(52, '日韩个性 ')
insert into xx_attribute_option (attribute, options) values(52, '青春休闲 ')
insert into xx_attribute_option (attribute, options) values(52, '原创设计')
insert into xx_attribute_option (attribute, options) values(52, '运动风格')
insert into xx_attribute_option (attribute, options) values(52, '学院风格')
insert into xx_attribute_option (attribute, options) values(52, '商务正装 ')
insert into xx_attribute_option (attribute, options) values(53, '长袖')
insert into xx_attribute_option (attribute, options) values(53, '短袖')
insert into xx_attribute_option (attribute, options) values(53, '七分袖 ')
insert into xx_attribute_option (attribute, options) values(54, '长袖')
insert into xx_attribute_option (attribute, options) values(54, '短袖 ')
insert into xx_attribute_option (attribute, options) values(55, '时尚休闲')
insert into xx_attribute_option (attribute, options) values(55, '商务休闲')
insert into xx_attribute_option (attribute, options) values(55, '商务正装')
insert into xx_attribute_option (attribute, options) values(55, '英伦风格 ')
insert into xx_attribute_option (attribute, options) values(55, '日韩个性 ')
insert into xx_attribute_option (attribute, options) values(55, '欧美风格 ')
insert into xx_attribute_option (attribute, options) values(55, '原创设计 ')
insert into xx_attribute_option (attribute, options) values(56, '宽松型')
insert into xx_attribute_option (attribute, options) values(56, '修身型 ')
insert into xx_attribute_option (attribute, options) values(57, '时尚休闲')
insert into xx_attribute_option (attribute, options) values(57, '商务休闲')
insert into xx_attribute_option (attribute, options) values(57, '商务正装 ')
insert into xx_attribute_option (attribute, options) values(57, '英伦风格 ')
insert into xx_attribute_option (attribute, options) values(57, '日韩个性')
insert into xx_attribute_option (attribute, options) values(57, '原创设计 ')
insert into xx_attribute_option (attribute, options) values(57, '欧美风格 ')
insert into xx_attribute_option (attribute, options) values(57, '青春休闲 ')
insert into xx_attribute_option (attribute, options) values(58, '宽松型')
insert into xx_attribute_option (attribute, options) values(58, '修身型')
insert into xx_attribute_option (attribute, options) values(59, '商务休闲')
insert into xx_attribute_option (attribute, options) values(59, '商务正装 ')
insert into xx_attribute_option (attribute, options) values(60, '长裤')
insert into xx_attribute_option (attribute, options) values(60, '短裤 ')
insert into xx_attribute_option (attribute, options) values(61, '中长款 ')
insert into xx_attribute_option (attribute, options) values(61, '短款')
insert into xx_attribute_option (attribute, options) values(61, '长款')
insert into xx_attribute_option (attribute, options) values(62, '时尚休闲 ')
insert into xx_attribute_option (attribute, options) values(62, '商务休闲')
insert into xx_attribute_option (attribute, options) values(62, '英伦风格')
insert into xx_attribute_option (attribute, options) values(62, '日韩个性 ')
insert into xx_attribute_option (attribute, options) values(62, '商务正装')
insert into xx_attribute_option (attribute, options) values(62, '运动风格 ')
insert into xx_attribute_option (attribute, options) values(62, '欧美风格 ')
insert into xx_attribute_option (attribute, options) values(62, '青春休闲 ')
insert into xx_attribute_option (attribute, options) values(62, '原创设计 ')
insert into xx_attribute_option (attribute, options) values(63, '修身型')
insert into xx_attribute_option (attribute, options) values(63, '直筒型 ')
insert into xx_attribute_option (attribute, options) values(63, '宽松型')
insert into xx_attribute_option (attribute, options) values(64, '翻领 ')
insert into xx_attribute_option (attribute, options) values(64, '连帽 ')
insert into xx_attribute_option (attribute, options) values(64, '西装领 ')
insert into xx_attribute_option (attribute, options) values(64, '可脱卸帽 ')
insert into xx_attribute_option (attribute, options) values(64, '双层领')
insert into xx_attribute_option (attribute, options) values(64, '半高领 ')
insert into xx_attribute_option (attribute, options) values(64, '针织领 ')
insert into xx_attribute_option (attribute, options) values(64, '其它 ')
insert into xx_attribute_option (attribute, options) values(65, '套头')
insert into xx_attribute_option (attribute, options) values(65, '开衫 ')
insert into xx_attribute_option (attribute, options) values(66, '连帽 ')
insert into xx_attribute_option (attribute, options) values(66, '立领')
insert into xx_attribute_option (attribute, options) values(66, '圆领 ')
insert into xx_attribute_option (attribute, options) values(66, '翻领 ')
insert into xx_attribute_option (attribute, options) values(66, 'V领')
insert into xx_attribute_option (attribute, options) values(66, '其它 ')
insert into xx_attribute_option (attribute, options) values(66, '高圆领 ')
insert into xx_attribute_option (attribute, options) values(67, '商务休闲')
insert into xx_attribute_option (attribute, options) values(67, '时尚休闲')
insert into xx_attribute_option (attribute, options) values(67, '嘻哈风格 ')
insert into xx_attribute_option (attribute, options) values(67, '英伦风格')
insert into xx_attribute_option (attribute, options) values(67, '运动风格 ')

insert into xx_specification (id, create_date, modify_date, orders, memo, name, type) values(1, '${date?string("yyyy-MM-dd HH:mm:ss")}', '${date?string("yyyy-MM-dd HH:mm:ss")}', 1, '女装', '颜色', 1)
insert into xx_specification (id, create_date, modify_date, orders, memo, name, type) values(2, '${date?string("yyyy-MM-dd HH:mm:ss")}', '${date?string("yyyy-MM-dd HH:mm:ss")}', 2, '男装', '颜色', 1)
insert into xx_specification (id, create_date, modify_date, orders, memo, name, type) values(3, '${date?string("yyyy-MM-dd HH:mm:ss")}', '${date?string("yyyy-MM-dd HH:mm:ss")}', 3, '女装', '尺码', 0)
insert into xx_specification (id, create_date, modify_date, orders, memo, name, type) values(4, '${date?string("yyyy-MM-dd HH:mm:ss")}', '${date?string("yyyy-MM-dd HH:mm:ss")}', 4, '男装', '尺码', 0)
insert into xx_specification (id, create_date, modify_date, orders, memo, name, type) values(5, '${date?string("yyyy-MM-dd HH:mm:ss")}', '${date?string("yyyy-MM-dd HH:mm:ss")}', 5, '女鞋', '尺码', 0)
insert into xx_specification (id, create_date, modify_date, orders, memo, name, type) values(6, '${date?string("yyyy-MM-dd HH:mm:ss")}', '${date?string("yyyy-MM-dd HH:mm:ss")}', 6, '男鞋', '尺码', 0)

insert into xx_specification_value (id, create_date, modify_date, orders, image, name, specification) values(1, '${date?string("yyyy-MM-dd HH:mm:ss")}', '${date?string("yyyy-MM-dd HH:mm:ss")}', 1, '${demoImageUrl}/specification/1.gif', '无', 1)
insert into xx_specification_value (id, create_date, modify_date, orders, image, name, specification) values(2, '${date?string("yyyy-MM-dd HH:mm:ss")}', '${date?string("yyyy-MM-dd HH:mm:ss")}', 2, '${demoImageUrl}/specification/2.gif', '黄色', 1)
insert into xx_specification_value (id, create_date, modify_date, orders, image, name, specification) values(3, '${date?string("yyyy-MM-dd HH:mm:ss")}', '${date?string("yyyy-MM-dd HH:mm:ss")}', 3, '${demoImageUrl}/specification/3.gif', '酒红色', 1)
insert into xx_specification_value (id, create_date, modify_date, orders, image, name, specification) values(4, '${date?string("yyyy-MM-dd HH:mm:ss")}', '${date?string("yyyy-MM-dd HH:mm:ss")}', 4, '${demoImageUrl}/specification/4.gif', '金色', 1)
insert into xx_specification_value (id, create_date, modify_date, orders, image, name, specification) values(5, '${date?string("yyyy-MM-dd HH:mm:ss")}', '${date?string("yyyy-MM-dd HH:mm:ss")}', 5, '${demoImageUrl}/specification/5.gif', '橙色', 1)
insert into xx_specification_value (id, create_date, modify_date, orders, image, name, specification) values(6, '${date?string("yyyy-MM-dd HH:mm:ss")}', '${date?string("yyyy-MM-dd HH:mm:ss")}', 6, '${demoImageUrl}/specification/6.gif', '灰色', 1)
insert into xx_specification_value (id, create_date, modify_date, orders, image, name, specification) values(7, '${date?string("yyyy-MM-dd HH:mm:ss")}', '${date?string("yyyy-MM-dd HH:mm:ss")}', 7, '${demoImageUrl}/specification/7.gif', '蓝色', 1)
insert into xx_specification_value (id, create_date, modify_date, orders, image, name, specification) values(8, '${date?string("yyyy-MM-dd HH:mm:ss")}', '${date?string("yyyy-MM-dd HH:mm:ss")}', 8, '${demoImageUrl}/specification/8.gif', '黑色', 1)
insert into xx_specification_value (id, create_date, modify_date, orders, image, name, specification) values(9, '${date?string("yyyy-MM-dd HH:mm:ss")}', '${date?string("yyyy-MM-dd HH:mm:ss")}', 9, '${demoImageUrl}/specification/9.gif', '卡其色', 1)
insert into xx_specification_value (id, create_date, modify_date, orders, image, name, specification) values(10, '${date?string("yyyy-MM-dd HH:mm:ss")}', '${date?string("yyyy-MM-dd HH:mm:ss")}', 10, '${demoImageUrl}/specification/10.gif', '混色', 1)
insert into xx_specification_value (id, create_date, modify_date, orders, image, name, specification) values(11, '${date?string("yyyy-MM-dd HH:mm:ss")}', '${date?string("yyyy-MM-dd HH:mm:ss")}', 11, '${demoImageUrl}/specification/11.gif', '紫色', 1)
insert into xx_specification_value (id, create_date, modify_date, orders, image, name, specification) values(12, '${date?string("yyyy-MM-dd HH:mm:ss")}', '${date?string("yyyy-MM-dd HH:mm:ss")}', 12, '${demoImageUrl}/specification/12.gif', '粉红色', 1)
insert into xx_specification_value (id, create_date, modify_date, orders, image, name, specification) values(13, '${date?string("yyyy-MM-dd HH:mm:ss")}', '${date?string("yyyy-MM-dd HH:mm:ss")}', 13, '${demoImageUrl}/specification/13.gif', '银色', 1)
insert into xx_specification_value (id, create_date, modify_date, orders, image, name, specification) values(14, '${date?string("yyyy-MM-dd HH:mm:ss")}', '${date?string("yyyy-MM-dd HH:mm:ss")}', 14, '${demoImageUrl}/specification/14.gif', '红色', 1)
insert into xx_specification_value (id, create_date, modify_date, orders, image, name, specification) values(15, '${date?string("yyyy-MM-dd HH:mm:ss")}', '${date?string("yyyy-MM-dd HH:mm:ss")}', 15, '${demoImageUrl}/specification/15.gif', '白色', 1)
insert into xx_specification_value (id, create_date, modify_date, orders, image, name, specification) values(16, '${date?string("yyyy-MM-dd HH:mm:ss")}', '${date?string("yyyy-MM-dd HH:mm:ss")}', 16, '${demoImageUrl}/specification/16.gif', '浅蓝色', 1)
insert into xx_specification_value (id, create_date, modify_date, orders, image, name, specification) values(17, '${date?string("yyyy-MM-dd HH:mm:ss")}', '${date?string("yyyy-MM-dd HH:mm:ss")}', 17, '${demoImageUrl}/specification/17.gif', '深蓝色', 1)
insert into xx_specification_value (id, create_date, modify_date, orders, image, name, specification) values(18, '${date?string("yyyy-MM-dd HH:mm:ss")}', '${date?string("yyyy-MM-dd HH:mm:ss")}', 18, '${demoImageUrl}/specification/18.gif', '绿色', 1)
insert into xx_specification_value (id, create_date, modify_date, orders, image, name, specification) values(19, '${date?string("yyyy-MM-dd HH:mm:ss")}', '${date?string("yyyy-MM-dd HH:mm:ss")}', 19, '${demoImageUrl}/specification/19.gif', '米黄色', 1)
insert into xx_specification_value (id, create_date, modify_date, orders, image, name, specification) values(20, '${date?string("yyyy-MM-dd HH:mm:ss")}', '${date?string("yyyy-MM-dd HH:mm:ss")}', 20, '${demoImageUrl}/specification/20.gif', '咖啡色', 1)
insert into xx_specification_value (id, create_date, modify_date, orders, image, name, specification) values(21, '${date?string("yyyy-MM-dd HH:mm:ss")}', '${date?string("yyyy-MM-dd HH:mm:ss")}', 1, '${demoImageUrl}/specification/1.gif', '无', 2)
insert into xx_specification_value (id, create_date, modify_date, orders, image, name, specification) values(22, '${date?string("yyyy-MM-dd HH:mm:ss")}', '${date?string("yyyy-MM-dd HH:mm:ss")}', 2, '${demoImageUrl}/specification/2.gif', '黄色', 2)
insert into xx_specification_value (id, create_date, modify_date, orders, image, name, specification) values(23, '${date?string("yyyy-MM-dd HH:mm:ss")}', '${date?string("yyyy-MM-dd HH:mm:ss")}', 3, '${demoImageUrl}/specification/3.gif', '酒红色', 2)
insert into xx_specification_value (id, create_date, modify_date, orders, image, name, specification) values(24, '${date?string("yyyy-MM-dd HH:mm:ss")}', '${date?string("yyyy-MM-dd HH:mm:ss")}', 4, '${demoImageUrl}/specification/4.gif', '金色', 2)
insert into xx_specification_value (id, create_date, modify_date, orders, image, name, specification) values(25, '${date?string("yyyy-MM-dd HH:mm:ss")}', '${date?string("yyyy-MM-dd HH:mm:ss")}', 5, '${demoImageUrl}/specification/5.gif', '橙色', 2)
insert into xx_specification_value (id, create_date, modify_date, orders, image, name, specification) values(26, '${date?string("yyyy-MM-dd HH:mm:ss")}', '${date?string("yyyy-MM-dd HH:mm:ss")}', 6, '${demoImageUrl}/specification/6.gif', '灰色', 2)
insert into xx_specification_value (id, create_date, modify_date, orders, image, name, specification) values(27, '${date?string("yyyy-MM-dd HH:mm:ss")}', '${date?string("yyyy-MM-dd HH:mm:ss")}', 7, '${demoImageUrl}/specification/7.gif', '蓝色', 2)
insert into xx_specification_value (id, create_date, modify_date, orders, image, name, specification) values(28, '${date?string("yyyy-MM-dd HH:mm:ss")}', '${date?string("yyyy-MM-dd HH:mm:ss")}', 8, '${demoImageUrl}/specification/8.gif', '黑色', 2)
insert into xx_specification_value (id, create_date, modify_date, orders, image, name, specification) values(29, '${date?string("yyyy-MM-dd HH:mm:ss")}', '${date?string("yyyy-MM-dd HH:mm:ss")}', 9, '${demoImageUrl}/specification/9.gif', '卡其色', 2)
insert into xx_specification_value (id, create_date, modify_date, orders, image, name, specification) values(30, '${date?string("yyyy-MM-dd HH:mm:ss")}', '${date?string("yyyy-MM-dd HH:mm:ss")}', 10, '${demoImageUrl}/specification/10.gif', '混色', 2)
insert into xx_specification_value (id, create_date, modify_date, orders, image, name, specification) values(31, '${date?string("yyyy-MM-dd HH:mm:ss")}', '${date?string("yyyy-MM-dd HH:mm:ss")}', 11, '${demoImageUrl}/specification/11.gif', '紫色', 2)
insert into xx_specification_value (id, create_date, modify_date, orders, image, name, specification) values(32, '${date?string("yyyy-MM-dd HH:mm:ss")}', '${date?string("yyyy-MM-dd HH:mm:ss")}', 12, '${demoImageUrl}/specification/12.gif', '粉红色', 2)
insert into xx_specification_value (id, create_date, modify_date, orders, image, name, specification) values(33, '${date?string("yyyy-MM-dd HH:mm:ss")}', '${date?string("yyyy-MM-dd HH:mm:ss")}', 13, '${demoImageUrl}/specification/13.gif', '银色', 2)
insert into xx_specification_value (id, create_date, modify_date, orders, image, name, specification) values(34, '${date?string("yyyy-MM-dd HH:mm:ss")}', '${date?string("yyyy-MM-dd HH:mm:ss")}', 14, '${demoImageUrl}/specification/14.gif', '红色', 2)
insert into xx_specification_value (id, create_date, modify_date, orders, image, name, specification) values(35, '${date?string("yyyy-MM-dd HH:mm:ss")}', '${date?string("yyyy-MM-dd HH:mm:ss")}', 15, '${demoImageUrl}/specification/15.gif', '白色', 2)
insert into xx_specification_value (id, create_date, modify_date, orders, image, name, specification) values(36, '${date?string("yyyy-MM-dd HH:mm:ss")}', '${date?string("yyyy-MM-dd HH:mm:ss")}', 16, '${demoImageUrl}/specification/16.gif', '浅蓝色', 2)
insert into xx_specification_value (id, create_date, modify_date, orders, image, name, specification) values(37, '${date?string("yyyy-MM-dd HH:mm:ss")}', '${date?string("yyyy-MM-dd HH:mm:ss")}', 17, '${demoImageUrl}/specification/17.gif', '深蓝色', 2)
insert into xx_specification_value (id, create_date, modify_date, orders, image, name, specification) values(38, '${date?string("yyyy-MM-dd HH:mm:ss")}', '${date?string("yyyy-MM-dd HH:mm:ss")}', 18, '${demoImageUrl}/specification/18.gif', '绿色', 2)
insert into xx_specification_value (id, create_date, modify_date, orders, image, name, specification) values(39, '${date?string("yyyy-MM-dd HH:mm:ss")}', '${date?string("yyyy-MM-dd HH:mm:ss")}', 19, '${demoImageUrl}/specification/19.gif', '米黄色', 2)
insert into xx_specification_value (id, create_date, modify_date, orders, image, name, specification) values(40, '${date?string("yyyy-MM-dd HH:mm:ss")}', '${date?string("yyyy-MM-dd HH:mm:ss")}', 20, '${demoImageUrl}/specification/20.gif', '咖啡色', 2)
insert into xx_specification_value (id, create_date, modify_date, orders, image, name, specification) values(41, '${date?string("yyyy-MM-dd HH:mm:ss")}', '${date?string("yyyy-MM-dd HH:mm:ss")}', 1, NULL, '均码', 3)
insert into xx_specification_value (id, create_date, modify_date, orders, image, name, specification) values(42, '${date?string("yyyy-MM-dd HH:mm:ss")}', '${date?string("yyyy-MM-dd HH:mm:ss")}', 2, NULL, 'XXS', 3)
insert into xx_specification_value (id, create_date, modify_date, orders, image, name, specification) values(43, '${date?string("yyyy-MM-dd HH:mm:ss")}', '${date?string("yyyy-MM-dd HH:mm:ss")}', 3, NULL, 'XS', 3)
insert into xx_specification_value (id, create_date, modify_date, orders, image, name, specification) values(44, '${date?string("yyyy-MM-dd HH:mm:ss")}', '${date?string("yyyy-MM-dd HH:mm:ss")}', 4, NULL, 'S', 3)
insert into xx_specification_value (id, create_date, modify_date, orders, image, name, specification) values(45, '${date?string("yyyy-MM-dd HH:mm:ss")}', '${date?string("yyyy-MM-dd HH:mm:ss")}', 5, NULL, 'M', 3)
insert into xx_specification_value (id, create_date, modify_date, orders, image, name, specification) values(46, '${date?string("yyyy-MM-dd HH:mm:ss")}', '${date?string("yyyy-MM-dd HH:mm:ss")}', 6, NULL, 'L', 3)
insert into xx_specification_value (id, create_date, modify_date, orders, image, name, specification) values(47, '${date?string("yyyy-MM-dd HH:mm:ss")}', '${date?string("yyyy-MM-dd HH:mm:ss")}', 7, NULL, 'XL', 3)
insert into xx_specification_value (id, create_date, modify_date, orders, image, name, specification) values(48, '${date?string("yyyy-MM-dd HH:mm:ss")}', '${date?string("yyyy-MM-dd HH:mm:ss")}', 8, NULL, 'XXL', 3)
insert into xx_specification_value (id, create_date, modify_date, orders, image, name, specification) values(49, '${date?string("yyyy-MM-dd HH:mm:ss")}', '${date?string("yyyy-MM-dd HH:mm:ss")}', 9, NULL, 'XXXL', 3)
insert into xx_specification_value (id, create_date, modify_date, orders, image, name, specification) values(50, '${date?string("yyyy-MM-dd HH:mm:ss")}', '${date?string("yyyy-MM-dd HH:mm:ss")}', 1, NULL, '均码', 4)
insert into xx_specification_value (id, create_date, modify_date, orders, image, name, specification) values(51, '${date?string("yyyy-MM-dd HH:mm:ss")}', '${date?string("yyyy-MM-dd HH:mm:ss")}', 2, NULL, 'XXS', 4)
insert into xx_specification_value (id, create_date, modify_date, orders, image, name, specification) values(52, '${date?string("yyyy-MM-dd HH:mm:ss")}', '${date?string("yyyy-MM-dd HH:mm:ss")}', 3, NULL, 'XS', 4)
insert into xx_specification_value (id, create_date, modify_date, orders, image, name, specification) values(53, '${date?string("yyyy-MM-dd HH:mm:ss")}', '${date?string("yyyy-MM-dd HH:mm:ss")}', 4, NULL, 'S', 4)
insert into xx_specification_value (id, create_date, modify_date, orders, image, name, specification) values(54, '${date?string("yyyy-MM-dd HH:mm:ss")}', '${date?string("yyyy-MM-dd HH:mm:ss")}', 5, NULL, 'M', 4)
insert into xx_specification_value (id, create_date, modify_date, orders, image, name, specification) values(55, '${date?string("yyyy-MM-dd HH:mm:ss")}', '${date?string("yyyy-MM-dd HH:mm:ss")}', 6, NULL, 'L', 4)
insert into xx_specification_value (id, create_date, modify_date, orders, image, name, specification) values(56, '${date?string("yyyy-MM-dd HH:mm:ss")}', '${date?string("yyyy-MM-dd HH:mm:ss")}', 7, NULL, 'XL', 4)
insert into xx_specification_value (id, create_date, modify_date, orders, image, name, specification) values(57, '${date?string("yyyy-MM-dd HH:mm:ss")}', '${date?string("yyyy-MM-dd HH:mm:ss")}', 8, NULL, 'XXL', 4)
insert into xx_specification_value (id, create_date, modify_date, orders, image, name, specification) values(58, '${date?string("yyyy-MM-dd HH:mm:ss")}', '${date?string("yyyy-MM-dd HH:mm:ss")}', 9, NULL, 'XXXL', 4)
insert into xx_specification_value (id, create_date, modify_date, orders, image, name, specification) values(59, '${date?string("yyyy-MM-dd HH:mm:ss")}', '${date?string("yyyy-MM-dd HH:mm:ss")}', 1, NULL, '34', 5)
insert into xx_specification_value (id, create_date, modify_date, orders, image, name, specification) values(60, '${date?string("yyyy-MM-dd HH:mm:ss")}', '${date?string("yyyy-MM-dd HH:mm:ss")}', 2, NULL, '35', 5)
insert into xx_specification_value (id, create_date, modify_date, orders, image, name, specification) values(61, '${date?string("yyyy-MM-dd HH:mm:ss")}', '${date?string("yyyy-MM-dd HH:mm:ss")}', 3, NULL, '36', 5)
insert into xx_specification_value (id, create_date, modify_date, orders, image, name, specification) values(62, '${date?string("yyyy-MM-dd HH:mm:ss")}', '${date?string("yyyy-MM-dd HH:mm:ss")}', 4, NULL, '37', 5)
insert into xx_specification_value (id, create_date, modify_date, orders, image, name, specification) values(63, '${date?string("yyyy-MM-dd HH:mm:ss")}', '${date?string("yyyy-MM-dd HH:mm:ss")}', 5, NULL, '38', 5)
insert into xx_specification_value (id, create_date, modify_date, orders, image, name, specification) values(64, '${date?string("yyyy-MM-dd HH:mm:ss")}', '${date?string("yyyy-MM-dd HH:mm:ss")}', 6, NULL, '39', 5)
insert into xx_specification_value (id, create_date, modify_date, orders, image, name, specification) values(65, '${date?string("yyyy-MM-dd HH:mm:ss")}', '${date?string("yyyy-MM-dd HH:mm:ss")}', 7, NULL, '40', 5)
insert into xx_specification_value (id, create_date, modify_date, orders, image, name, specification) values(66, '${date?string("yyyy-MM-dd HH:mm:ss")}', '${date?string("yyyy-MM-dd HH:mm:ss")}', 8, NULL, '41', 5)
insert into xx_specification_value (id, create_date, modify_date, orders, image, name, specification) values(67, '${date?string("yyyy-MM-dd HH:mm:ss")}', '${date?string("yyyy-MM-dd HH:mm:ss")}', 1, NULL, '36', 6)
insert into xx_specification_value (id, create_date, modify_date, orders, image, name, specification) values(68, '${date?string("yyyy-MM-dd HH:mm:ss")}', '${date?string("yyyy-MM-dd HH:mm:ss")}', 2, NULL, '37', 6)
insert into xx_specification_value (id, create_date, modify_date, orders, image, name, specification) values(69, '${date?string("yyyy-MM-dd HH:mm:ss")}', '${date?string("yyyy-MM-dd HH:mm:ss")}', 3, NULL, '38', 6)
insert into xx_specification_value (id, create_date, modify_date, orders, image, name, specification) values(70, '${date?string("yyyy-MM-dd HH:mm:ss")}', '${date?string("yyyy-MM-dd HH:mm:ss")}', 4, NULL, '39', 6)
insert into xx_specification_value (id, create_date, modify_date, orders, image, name, specification) values(71, '${date?string("yyyy-MM-dd HH:mm:ss")}', '${date?string("yyyy-MM-dd HH:mm:ss")}', 5, NULL, '40', 6)
insert into xx_specification_value (id, create_date, modify_date, orders, image, name, specification) values(72, '${date?string("yyyy-MM-dd HH:mm:ss")}', '${date?string("yyyy-MM-dd HH:mm:ss")}', 6, NULL, '41', 6)
insert into xx_specification_value (id, create_date, modify_date, orders, image, name, specification) values(73, '${date?string("yyyy-MM-dd HH:mm:ss")}', '${date?string("yyyy-MM-dd HH:mm:ss")}', 7, NULL, '42', 6)
insert into xx_specification_value (id, create_date, modify_date, orders, image, name, specification) values(74, '${date?string("yyyy-MM-dd HH:mm:ss")}', '${date?string("yyyy-MM-dd HH:mm:ss")}', 8, NULL, '43', 6)
insert into xx_specification_value (id, create_date, modify_date, orders, image, name, specification) values(75, '${date?string("yyyy-MM-dd HH:mm:ss")}', '${date?string("yyyy-MM-dd HH:mm:ss")}', 9, NULL, '44', 6)
insert into xx_specification_value (id, create_date, modify_date, orders, image, name, specification) values(76, '${date?string("yyyy-MM-dd HH:mm:ss")}', '${date?string("yyyy-MM-dd HH:mm:ss")}', 10, NULL, '45', 6)
